Job Id,Job Title,Role,Experience,Qualifications,skills,Job Description,Responsibilities,Country
2974745700813078,Software Engineer,Backend Developer,3 to 8 Years,BA,"Proficiency in one or more backend programming languages (e.g., Java, Python, Node.js, Ruby) API development Database management (SQL or NoSQL) Server management and deployment Security best practices Knowledge of web frameworks (e.g., Express, Django)","A Backend Developer is tasked with building and maintaining the server-side logic and database infrastructure of web applications. They work on the core functionality, data storage, and server communication to ensure the application runs smoothly and efficiently.","Develop server-side logic and databases using programming languages like Java, Python, or Node.js. Ensure data security and integrity. Implement APIs for seamless communication between frontend and backend.",Faroe Islands
99156207193042,Software Engineer,Backend Developer,3 to 10 Years,B.Com,"Proficiency in one or more backend programming languages (e.g., Java, Python, Node.js, Ruby) API development Database management (SQL or NoSQL) Server management and deployment Security best practices Knowledge of web frameworks (e.g., Express, Django)","A Backend Developer is tasked with building and maintaining the server-side logic and database infrastructure of web applications. They work on the core functionality, data storage, and server communication to ensure the application runs smoothly and efficiently.","Develop server-side logic and databases using programming languages like Java, Python, or Node.js. Ensure data security and integrity. Implement APIs for seamless communication between frontend and backend.",Sweden
915228725028881,Software Engineer,Backend Developer,4 to 12 Years,PhD,"Proficiency in one or more backend programming languages (e.g., Java, Python, Node.js, Ruby) API development Database management (SQL or NoSQL) Server management and deployment Security best practices Knowledge of web frameworks (e.g., Express, Django)","A Backend Developer is tasked with building and maintaining the server-side logic and database infrastructure of web applications. They work on the core functionality, data storage, and server communication to ensure the application runs smoothly and efficiently.","Develop server-side logic and databases using programming languages like Java, Python, or Node.js. Ensure data security and integrity. Implement APIs for seamless communication between frontend and backend.",Oman
431898986485858,Software Engineer,Backend Developer,0 to 11 Years,BBA,"Proficiency in one or more backend programming languages (e.g., Java, Python, Node.js, Ruby) API development Database management (SQL or NoSQL) Server management and deployment Security best practices Knowledge of web frameworks (e.g., Express, Django)","A Backend Developer is tasked with building and maintaining the server-side logic and database infrastructure of web applications. They work on the core functionality, data storage, and server communication to ensure the application runs smoothly and efficiently.","Develop server-side logic and databases using programming languages like Java, Python, or Node.js. Ensure data security and integrity. Implement APIs for seamless communication between frontend and backend.",Antigua and Barbuda
2527190520206822,Software Engineer,Backend Developer,4 to 8 Years,B.Tech,"Proficiency in one or more backend programming languages (e.g., Java, Python, Node.js, Ruby) API development Database management (SQL or NoSQL) Server management and deployment Security best practices Knowledge of web frameworks (e.g., Express, Django)","A Backend Developer is tasked with building and maintaining the server-side logic and database infrastructure of web applications. They work on the core functionality, data storage, and server communication to ensure the application runs smoothly and efficiently.","Develop server-side logic and databases using programming languages like Java, Python, or Node.js. Ensure data security and integrity. Implement APIs for seamless communication between frontend and backend.",Estonia
678903992932282,Software Engineer,Backend Developer,2 to 9 Years,B.Com,"Proficiency in one or more backend programming languages (e.g., Java, Python, Node.js, Ruby) API development Database management (SQL or NoSQL) Server management and deployment Security best practices Knowledge of web frameworks (e.g., Express, Django)","A Backend Developer is tasked with building and maintaining the server-side logic and database infrastructure of web applications. They work on the core functionality, data storage, and server communication to ensure the application runs smoothly and efficiently.","Develop server-side logic and databases using programming languages like Java, Python, or Node.js. Ensure data security and integrity. Implement APIs for seamless communication between frontend and backend.",Aruba
2203756518606808,Software Engineer,Backend Developer,3 to 9 Years,BCA,"Proficiency in one or more backend programming languages (e.g., Java, Python, Node.js, Ruby) API development Database management (SQL or NoSQL) Server management and deployment Security best practices Knowledge of web frameworks (e.g., Express, Django)","A Backend Developer is tasked with building and maintaining the server-side logic and database infrastructure of web applications. They work on the core functionality, data storage, and server communication to ensure the application runs smoothly and efficiently.","Develop server-side logic and databases using programming languages like Java, Python, or Node.js. Ensure data security and integrity. Implement APIs for seamless communication between frontend and backend.",Central African Republic
209992026463281,Software Engineer,Backend Developer,5 to 15 Years,BCA,"Proficiency in one or more backend programming languages (e.g., Java, Python, Node.js, Ruby) API development Database management (SQL or NoSQL) Server management and deployment Security best practices Knowledge of web frameworks (e.g., Express, Django)","A Backend Developer is tasked with building and maintaining the server-side logic and database infrastructure of web applications. They work on the core functionality, data storage, and server communication to ensure the application runs smoothly and efficiently.","Develop server-side logic and databases using programming languages like Java, Python, or Node.js. Ensure data security and integrity. Implement APIs for seamless communication between frontend and backend.",Barbados
533054282834671,Software Engineer,Backend Developer,4 to 8 Years,B.Tech,"Proficiency in one or more backend programming languages (e.g., Java, Python, Node.js, Ruby) API development Database management (SQL or NoSQL) Server management and deployment Security best practices Knowledge of web frameworks (e.g., Express, Django)","A Backend Developer is tasked with building and maintaining the server-side logic and database infrastructure of web applications. They work on the core functionality, data storage, and server communication to ensure the application runs smoothly and efficiently.","Develop server-side logic and databases using programming languages like Java, Python, or Node.js. Ensure data security and integrity. Implement APIs for seamless communication between frontend and backend.",Tunisia
461936340044729,Software Engineer,Backend Developer,0 to 9 Years,PhD,"Proficiency in one or more backend programming languages (e.g., Java, Python, Node.js, Ruby) API development Database management (SQL or NoSQL) Server management and deployment Security best practices Knowledge of web frameworks (e.g., Express, Django)","A Backend Developer is tasked with building and maintaining the server-side logic and database infrastructure of web applications. They work on the core functionality, data storage, and server communication to ensure the application runs smoothly and efficiently.","Develop server-side logic and databases using programming languages like Java, Python, or Node.js. Ensure data security and integrity. Implement APIs for seamless communication between frontend and backend.",Australia
513608423033669,Software Engineer,Backend Developer,5 to 12 Years,MBA,"Proficiency in one or more backend programming languages (e.g., Java, Python, Node.js, Ruby) API development Database management (SQL or NoSQL) Server management and deployment Security best practices Knowledge of web frameworks (e.g., Express, Django)","A Backend Developer is tasked with building and maintaining the server-side logic and database infrastructure of web applications. They work on the core functionality, data storage, and server communication to ensure the application runs smoothly and efficiently.","Develop server-side logic and databases using programming languages like Java, Python, or Node.js. Ensure data security and integrity. Implement APIs for seamless communication between frontend and backend.",French Polynesia
1608484847520583,Software Engineer,Backend Developer,0 to 11 Years,B.Tech,"Proficiency in one or more backend programming languages (e.g., Java, Python, Node.js, Ruby) API development Database management (SQL or NoSQL) Server management and deployment Security best practices Knowledge of web frameworks (e.g., Express, Django)","A Backend Developer is tasked with building and maintaining the server-side logic and database infrastructure of web applications. They work on the core functionality, data storage, and server communication to ensure the application runs smoothly and efficiently.","Develop server-side logic and databases using programming languages like Java, Python, or Node.js. Ensure data security and integrity. Implement APIs for seamless communication between frontend and backend.",Guyana
868976575464263,Software Engineer,Backend Developer,0 to 15 Years,M.Com,"Proficiency in one or more backend programming languages (e.g., Java, Python, Node.js, Ruby) API development Database management (SQL or NoSQL) Server management and deployment Security best practices Knowledge of web frameworks (e.g., Express, Django)","A Backend Developer is tasked with building and maintaining the server-side logic and database infrastructure of web applications. They work on the core functionality, data storage, and server communication to ensure the application runs smoothly and efficiently.","Develop server-side logic and databases using programming languages like Java, Python, or Node.js. Ensure data security and integrity. Implement APIs for seamless communication between frontend and backend.",Denmark
1847230251988846,Software Engineer,Backend Developer,2 to 15 Years,BCA,"Proficiency in one or more backend programming languages (e.g., Java, Python, Node.js, Ruby) API development Database management (SQL or NoSQL) Server management and deployment Security best practices Knowledge of web frameworks (e.g., Express, Django)","A Backend Developer is tasked with building and maintaining the server-side logic and database infrastructure of web applications. They work on the core functionality, data storage, and server communication to ensure the application runs smoothly and efficiently.","Develop server-side logic and databases using programming languages like Java, Python, or Node.js. Ensure data security and integrity. Implement APIs for seamless communication between frontend and backend.",Paraguay
702557495217518,Software Engineer,Backend Developer,3 to 9 Years,MBA,"Proficiency in one or more backend programming languages (e.g., Java, Python, Node.js, Ruby) API development Database management (SQL or NoSQL) Server management and deployment Security best practices Knowledge of web frameworks (e.g., Express, Django)","A Backend Developer is tasked with building and maintaining the server-side logic and database infrastructure of web applications. They work on the core functionality, data storage, and server communication to ensure the application runs smoothly and efficiently.","Develop server-side logic and databases using programming languages like Java, Python, or Node.js. Ensure data security and integrity. Implement APIs for seamless communication between frontend and backend.","Hong Kong SAR, China"
1568659931357745,Software Engineer,Backend Developer,1 to 14 Years,B.Com,"Proficiency in one or more backend programming languages (e.g., Java, Python, Node.js, Ruby) API development Database management (SQL or NoSQL) Server management and deployment Security best practices Knowledge of web frameworks (e.g., Express, Django)","A Backend Developer is tasked with building and maintaining the server-side logic and database infrastructure of web applications. They work on the core functionality, data storage, and server communication to ensure the application runs smoothly and efficiently.","Develop server-side logic and databases using programming languages like Java, Python, or Node.js. Ensure data security and integrity. Implement APIs for seamless communication between frontend and backend.",Trinidad and Tobago
2657637902446162,Software Engineer,Backend Developer,2 to 14 Years,PhD,"Proficiency in one or more backend programming languages (e.g., Java, Python, Node.js, Ruby) API development Database management (SQL or NoSQL) Server management and deployment Security best practices Knowledge of web frameworks (e.g., Express, Django)","A Backend Developer is tasked with building and maintaining the server-side logic and database infrastructure of web applications. They work on the core functionality, data storage, and server communication to ensure the application runs smoothly and efficiently.","Develop server-side logic and databases using programming languages like Java, Python, or Node.js. Ensure data security and integrity. Implement APIs for seamless communication between frontend and backend.",San Marino
654147858217471,Software Engineer,Backend Developer,2 to 12 Years,BBA,"Proficiency in one or more backend programming languages (e.g., Java, Python, Node.js, Ruby) API development Database management (SQL or NoSQL) Server management and deployment Security best practices Knowledge of web frameworks (e.g., Express, Django)","A Backend Developer is tasked with building and maintaining the server-side logic and database infrastructure of web applications. They work on the core functionality, data storage, and server communication to ensure the application runs smoothly and efficiently.","Develop server-side logic and databases using programming languages like Java, Python, or Node.js. Ensure data security and integrity. Implement APIs for seamless communication between frontend and backend.",Isle of Man
2523008043055224,Software Engineer,Backend Developer,0 to 8 Years,BBA,"Proficiency in one or more backend programming languages (e.g., Java, Python, Node.js, Ruby) API development Database management (SQL or NoSQL) Server management and deployment Security best practices Knowledge of web frameworks (e.g., Express, Django)","A Backend Developer is tasked with building and maintaining the server-side logic and database infrastructure of web applications. They work on the core functionality, data storage, and server communication to ensure the application runs smoothly and efficiently.","Develop server-side logic and databases using programming languages like Java, Python, or Node.js. Ensure data security and integrity. Implement APIs for seamless communication between frontend and backend.",El Salvador
237311242477493,Software Engineer,Backend Developer,4 to 11 Years,B.Com,"Proficiency in one or more backend programming languages (e.g., Java, Python, Node.js, Ruby) API development Database management (SQL or NoSQL) Server management and deployment Security best practices Knowledge of web frameworks (e.g., Express, Django)","A Backend Developer is tasked with building and maintaining the server-side logic and database infrastructure of web applications. They work on the core functionality, data storage, and server communication to ensure the application runs smoothly and efficiently.","Develop server-side logic and databases using programming languages like Java, Python, or Node.js. Ensure data security and integrity. Implement APIs for seamless communication between frontend and backend.",Eritrea
595443642943214,Software Engineer,Backend Developer,4 to 8 Years,MBA,"Proficiency in one or more backend programming languages (e.g., Java, Python, Node.js, Ruby) API development Database management (SQL or NoSQL) Server management and deployment Security best practices Knowledge of web frameworks (e.g., Express, Django)","A Backend Developer is tasked with building and maintaining the server-side logic and database infrastructure of web applications. They work on the core functionality, data storage, and server communication to ensure the application runs smoothly and efficiently.","Develop server-side logic and databases using programming languages like Java, Python, or Node.js. Ensure data security and integrity. Implement APIs for seamless communication between frontend and backend.",Tunisia
2310591572130149,Software Engineer,Backend Developer,2 to 9 Years,BBA,"Proficiency in one or more backend programming languages (e.g., Java, Python, Node.js, Ruby) API development Database management (SQL or NoSQL) Server management and deployment Security best practices Knowledge of web frameworks (e.g., Express, Django)","A Backend Developer is tasked with building and maintaining the server-side logic and database infrastructure of web applications. They work on the core functionality, data storage, and server communication to ensure the application runs smoothly and efficiently.","Develop server-side logic and databases using programming languages like Java, Python, or Node.js. Ensure data security and integrity. Implement APIs for seamless communication between frontend and backend.",Australia
967237270715882,Software Engineer,Backend Developer,1 to 11 Years,B.Tech,"Proficiency in one or more backend programming languages (e.g., Java, Python, Node.js, Ruby) API development Database management (SQL or NoSQL) Server management and deployment Security best practices Knowledge of web frameworks (e.g., Express, Django)","A Backend Developer is tasked with building and maintaining the server-side logic and database infrastructure of web applications. They work on the core functionality, data storage, and server communication to ensure the application runs smoothly and efficiently.","Develop server-side logic and databases using programming languages like Java, Python, or Node.js. Ensure data security and integrity. Implement APIs for seamless communication between frontend and backend.",El Salvador
137922431646471,Software Engineer,Backend Developer,5 to 13 Years,M.Tech,"Proficiency in one or more backend programming languages (e.g., Java, Python, Node.js, Ruby) API development Database management (SQL or NoSQL) Server management and deployment Security best practices Knowledge of web frameworks (e.g., Express, Django)","A Backend Developer is tasked with building and maintaining the server-side logic and database infrastructure of web applications. They work on the core functionality, data storage, and server communication to ensure the application runs smoothly and efficiently.","Develop server-side logic and databases using programming languages like Java, Python, or Node.js. Ensure data security and integrity. Implement APIs for seamless communication between frontend and backend.",Gabon
684041747814517,Software Engineer,Backend Developer,4 to 13 Years,M.Com,"Proficiency in one or more backend programming languages (e.g., Java, Python, Node.js, Ruby) API development Database management (SQL or NoSQL) Server management and deployment Security best practices Knowledge of web frameworks (e.g., Express, Django)","A Backend Developer is tasked with building and maintaining the server-side logic and database infrastructure of web applications. They work on the core functionality, data storage, and server communication to ensure the application runs smoothly and efficiently.","Develop server-side logic and databases using programming languages like Java, Python, or Node.js. Ensure data security and integrity. Implement APIs for seamless communication between frontend and backend.",Vanuatu
1981749328131582,Software Engineer,Backend Developer,3 to 15 Years,BCA,"Proficiency in one or more backend programming languages (e.g., Java, Python, Node.js, Ruby) API development Database management (SQL or NoSQL) Server management and deployment Security best practices Knowledge of web frameworks (e.g., Express, Django)","A Backend Developer is tasked with building and maintaining the server-side logic and database infrastructure of web applications. They work on the core functionality, data storage, and server communication to ensure the application runs smoothly and efficiently.","Develop server-side logic and databases using programming languages like Java, Python, or Node.js. Ensure data security and integrity. Implement APIs for seamless communication between frontend and backend.",Cuba
965752597164662,Software Engineer,Backend Developer,2 to 15 Years,BBA,"Proficiency in one or more backend programming languages (e.g., Java, Python, Node.js, Ruby) API development Database management (SQL or NoSQL) Server management and deployment Security best practices Knowledge of web frameworks (e.g., Express, Django)","A Backend Developer is tasked with building and maintaining the server-side logic and database infrastructure of web applications. They work on the core functionality, data storage, and server communication to ensure the application runs smoothly and efficiently.","Develop server-side logic and databases using programming languages like Java, Python, or Node.js. Ensure data security and integrity. Implement APIs for seamless communication between frontend and backend.",Cyprus
1399003420923963,Software Engineer,Backend Developer,5 to 8 Years,PhD,"Proficiency in one or more backend programming languages (e.g., Java, Python, Node.js, Ruby) API development Database management (SQL or NoSQL) Server management and deployment Security best practices Knowledge of web frameworks (e.g., Express, Django)","A Backend Developer is tasked with building and maintaining the server-side logic and database infrastructure of web applications. They work on the core functionality, data storage, and server communication to ensure the application runs smoothly and efficiently.","Develop server-side logic and databases using programming languages like Java, Python, or Node.js. Ensure data security and integrity. Implement APIs for seamless communication between frontend and backend.",Myanmar
523413400479855,Software Engineer,Backend Developer,0 to 9 Years,PhD,"Proficiency in one or more backend programming languages (e.g., Java, Python, Node.js, Ruby) API development Database management (SQL or NoSQL) Server management and deployment Security best practices Knowledge of web frameworks (e.g., Express, Django)","A Backend Developer is tasked with building and maintaining the server-side logic and database infrastructure of web applications. They work on the core functionality, data storage, and server communication to ensure the application runs smoothly and efficiently.","Develop server-side logic and databases using programming languages like Java, Python, or Node.js. Ensure data security and integrity. Implement APIs for seamless communication between frontend and backend.",Argentina
2710123982892121,Software Engineer,Backend Developer,1 to 14 Years,BCA,"Proficiency in one or more backend programming languages (e.g., Java, Python, Node.js, Ruby) API development Database management (SQL or NoSQL) Server management and deployment Security best practices Knowledge of web frameworks (e.g., Express, Django)","A Backend Developer is tasked with building and maintaining the server-side logic and database infrastructure of web applications. They work on the core functionality, data storage, and server communication to ensure the application runs smoothly and efficiently.","Develop server-side logic and databases using programming languages like Java, Python, or Node.js. Ensure data security and integrity. Implement APIs for seamless communication between frontend and backend.",Kyrgyz Republic
141044231905572,Software Engineer,Backend Developer,4 to 15 Years,M.Tech,"Proficiency in one or more backend programming languages (e.g., Java, Python, Node.js, Ruby) API development Database management (SQL or NoSQL) Server management and deployment Security best practices Knowledge of web frameworks (e.g., Express, Django)","A Backend Developer is tasked with building and maintaining the server-side logic and database infrastructure of web applications. They work on the core functionality, data storage, and server communication to ensure the application runs smoothly and efficiently.","Develop server-side logic and databases using programming languages like Java, Python, or Node.js. Ensure data security and integrity. Implement APIs for seamless communication between frontend and backend.",Benin
2104945250415800,Software Engineer,Backend Developer,0 to 8 Years,MBA,"Proficiency in one or more backend programming languages (e.g., Java, Python, Node.js, Ruby) API development Database management (SQL or NoSQL) Server management and deployment Security best practices Knowledge of web frameworks (e.g., Express, Django)","A Backend Developer is tasked with building and maintaining the server-side logic and database infrastructure of web applications. They work on the core functionality, data storage, and server communication to ensure the application runs smoothly and efficiently.","Develop server-side logic and databases using programming languages like Java, Python, or Node.js. Ensure data security and integrity. Implement APIs for seamless communication between frontend and backend.","Iran, Islamic Rep."
2403164119882620,Software Engineer,Backend Developer,2 to 14 Years,MCA,"Proficiency in one or more backend programming languages (e.g., Java, Python, Node.js, Ruby) API development Database management (SQL or NoSQL) Server management and deployment Security best practices Knowledge of web frameworks (e.g., Express, Django)","A Backend Developer is tasked with building and maintaining the server-side logic and database infrastructure of web applications. They work on the core functionality, data storage, and server communication to ensure the application runs smoothly and efficiently.","Develop server-side logic and databases using programming languages like Java, Python, or Node.js. Ensure data security and integrity. Implement APIs for seamless communication between frontend and backend.",Burundi
2164624566799787,Software Engineer,Backend Developer,2 to 10 Years,MCA,"Proficiency in one or more backend programming languages (e.g., Java, Python, Node.js, Ruby) API development Database management (SQL or NoSQL) Server management and deployment Security best practices Knowledge of web frameworks (e.g., Express, Django)","A Backend Developer is tasked with building and maintaining the server-side logic and database infrastructure of web applications. They work on the core functionality, data storage, and server communication to ensure the application runs smoothly and efficiently.","Develop server-side logic and databases using programming languages like Java, Python, or Node.js. Ensure data security and integrity. Implement APIs for seamless communication between frontend and backend.",South Sudan
1197917870544193,Software Engineer,Backend Developer,0 to 10 Years,MCA,"Proficiency in one or more backend programming languages (e.g., Java, Python, Node.js, Ruby) API development Database management (SQL or NoSQL) Server management and deployment Security best practices Knowledge of web frameworks (e.g., Express, Django)","A Backend Developer is tasked with building and maintaining the server-side logic and database infrastructure of web applications. They work on the core functionality, data storage, and server communication to ensure the application runs smoothly and efficiently.","Develop server-side logic and databases using programming languages like Java, Python, or Node.js. Ensure data security and integrity. Implement APIs for seamless communication between frontend and backend.",Slovak Republic
2841145478579233,Software Engineer,Backend Developer,3 to 11 Years,B.Tech,"Proficiency in one or more backend programming languages (e.g., Java, Python, Node.js, Ruby) API development Database management (SQL or NoSQL) Server management and deployment Security best practices Knowledge of web frameworks (e.g., Express, Django)","A Backend Developer is tasked with building and maintaining the server-side logic and database infrastructure of web applications. They work on the core functionality, data storage, and server communication to ensure the application runs smoothly and efficiently.","Develop server-side logic and databases using programming languages like Java, Python, or Node.js. Ensure data security and integrity. Implement APIs for seamless communication between frontend and backend.",Netherlands
1057680790978163,Software Engineer,Backend Developer,5 to 13 Years,BCA,"Proficiency in one or more backend programming languages (e.g., Java, Python, Node.js, Ruby) API development Database management (SQL or NoSQL) Server management and deployment Security best practices Knowledge of web frameworks (e.g., Express, Django)","A Backend Developer is tasked with building and maintaining the server-side logic and database infrastructure of web applications. They work on the core functionality, data storage, and server communication to ensure the application runs smoothly and efficiently.","Develop server-side logic and databases using programming languages like Java, Python, or Node.js. Ensure data security and integrity. Implement APIs for seamless communication between frontend and backend.",Nicaragua
1773439096667008,Software Engineer,Backend Developer,0 to 9 Years,B.Tech,"Proficiency in one or more backend programming languages (e.g., Java, Python, Node.js, Ruby) API development Database management (SQL or NoSQL) Server management and deployment Security best practices Knowledge of web frameworks (e.g., Express, Django)","A Backend Developer is tasked with building and maintaining the server-side logic and database infrastructure of web applications. They work on the core functionality, data storage, and server communication to ensure the application runs smoothly and efficiently.","Develop server-side logic and databases using programming languages like Java, Python, or Node.js. Ensure data security and integrity. Implement APIs for seamless communication between frontend and backend.",Malaysia
2100418479443897,Software Engineer,Backend Developer,1 to 11 Years,BA,"Proficiency in one or more backend programming languages (e.g., Java, Python, Node.js, Ruby) API development Database management (SQL or NoSQL) Server management and deployment Security best practices Knowledge of web frameworks (e.g., Express, Django)","A Backend Developer is tasked with building and maintaining the server-side logic and database infrastructure of web applications. They work on the core functionality, data storage, and server communication to ensure the application runs smoothly and efficiently.","Develop server-side logic and databases using programming languages like Java, Python, or Node.js. Ensure data security and integrity. Implement APIs for seamless communication between frontend and backend.",St. Lucia
2249840794109176,Software Engineer,Backend Developer,2 to 12 Years,PhD,"Proficiency in one or more backend programming languages (e.g., Java, Python, Node.js, Ruby) API development Database management (SQL or NoSQL) Server management and deployment Security best practices Knowledge of web frameworks (e.g., Express, Django)","A Backend Developer is tasked with building and maintaining the server-side logic and database infrastructure of web applications. They work on the core functionality, data storage, and server communication to ensure the application runs smoothly and efficiently.","Develop server-side logic and databases using programming languages like Java, Python, or Node.js. Ensure data security and integrity. Implement APIs for seamless communication between frontend and backend.",New Zealand
1735972843966877,Software Engineer,Backend Developer,4 to 10 Years,B.Tech,"Proficiency in one or more backend programming languages (e.g., Java, Python, Node.js, Ruby) API development Database management (SQL or NoSQL) Server management and deployment Security best practices Knowledge of web frameworks (e.g., Express, Django)","A Backend Developer is tasked with building and maintaining the server-side logic and database infrastructure of web applications. They work on the core functionality, data storage, and server communication to ensure the application runs smoothly and efficiently.","Develop server-side logic and databases using programming languages like Java, Python, or Node.js. Ensure data security and integrity. Implement APIs for seamless communication between frontend and backend.",Thailand
1873176732291082,Software Engineer,Backend Developer,4 to 11 Years,PhD,"Proficiency in one or more backend programming languages (e.g., Java, Python, Node.js, Ruby) API development Database management (SQL or NoSQL) Server management and deployment Security best practices Knowledge of web frameworks (e.g., Express, Django)","A Backend Developer is tasked with building and maintaining the server-side logic and database infrastructure of web applications. They work on the core functionality, data storage, and server communication to ensure the application runs smoothly and efficiently.","Develop server-side logic and databases using programming languages like Java, Python, or Node.js. Ensure data security and integrity. Implement APIs for seamless communication between frontend and backend.",Cambodia
2490697007322520,Software Engineer,Backend Developer,0 to 15 Years,BBA,"Proficiency in one or more backend programming languages (e.g., Java, Python, Node.js, Ruby) API development Database management (SQL or NoSQL) Server management and deployment Security best practices Knowledge of web frameworks (e.g., Express, Django)","A Backend Developer is tasked with building and maintaining the server-side logic and database infrastructure of web applications. They work on the core functionality, data storage, and server communication to ensure the application runs smoothly and efficiently.","Develop server-side logic and databases using programming languages like Java, Python, or Node.js. Ensure data security and integrity. Implement APIs for seamless communication between frontend and backend.",Togo
2466020236888302,Software Engineer,Backend Developer,2 to 14 Years,MCA,"Proficiency in one or more backend programming languages (e.g., Java, Python, Node.js, Ruby) API development Database management (SQL or NoSQL) Server management and deployment Security best practices Knowledge of web frameworks (e.g., Express, Django)","A Backend Developer is tasked with building and maintaining the server-side logic and database infrastructure of web applications. They work on the core functionality, data storage, and server communication to ensure the application runs smoothly and efficiently.","Develop server-side logic and databases using programming languages like Java, Python, or Node.js. Ensure data security and integrity. Implement APIs for seamless communication between frontend and backend.",Uruguay
1054123712211015,Software Engineer,Backend Developer,2 to 8 Years,B.Tech,"Proficiency in one or more backend programming languages (e.g., Java, Python, Node.js, Ruby) API development Database management (SQL or NoSQL) Server management and deployment Security best practices Knowledge of web frameworks (e.g., Express, Django)","A Backend Developer is tasked with building and maintaining the server-side logic and database infrastructure of web applications. They work on the core functionality, data storage, and server communication to ensure the application runs smoothly and efficiently.","Develop server-side logic and databases using programming languages like Java, Python, or Node.js. Ensure data security and integrity. Implement APIs for seamless communication between frontend and backend.",Djibouti
2735025139676213,Software Engineer,Backend Developer,1 to 8 Years,M.Tech,"Proficiency in one or more backend programming languages (e.g., Java, Python, Node.js, Ruby) API development Database management (SQL or NoSQL) Server management and deployment Security best practices Knowledge of web frameworks (e.g., Express, Django)","A Backend Developer is tasked with building and maintaining the server-side logic and database infrastructure of web applications. They work on the core functionality, data storage, and server communication to ensure the application runs smoothly and efficiently.","Develop server-side logic and databases using programming languages like Java, Python, or Node.js. Ensure data security and integrity. Implement APIs for seamless communication between frontend and backend.","Macedonia, FYR"
3052829994645571,Software Engineer,Backend Developer,4 to 10 Years,MCA,"Proficiency in one or more backend programming languages (e.g., Java, Python, Node.js, Ruby) API development Database management (SQL or NoSQL) Server management and deployment Security best practices Knowledge of web frameworks (e.g., Express, Django)","A Backend Developer is tasked with building and maintaining the server-side logic and database infrastructure of web applications. They work on the core functionality, data storage, and server communication to ensure the application runs smoothly and efficiently.","Develop server-side logic and databases using programming languages like Java, Python, or Node.js. Ensure data security and integrity. Implement APIs for seamless communication between frontend and backend.",Equatorial Guinea
537545700772798,Software Engineer,Backend Developer,0 to 11 Years,B.Com,"Proficiency in one or more backend programming languages (e.g., Java, Python, Node.js, Ruby) API development Database management (SQL or NoSQL) Server management and deployment Security best practices Knowledge of web frameworks (e.g., Express, Django)","A Backend Developer is tasked with building and maintaining the server-side logic and database infrastructure of web applications. They work on the core functionality, data storage, and server communication to ensure the application runs smoothly and efficiently.","Develop server-side logic and databases using programming languages like Java, Python, or Node.js. Ensure data security and integrity. Implement APIs for seamless communication between frontend and backend.",El Salvador
2591773840026575,Software Engineer,Backend Developer,5 to 15 Years,B.Tech,"Proficiency in one or more backend programming languages (e.g., Java, Python, Node.js, Ruby) API development Database management (SQL or NoSQL) Server management and deployment Security best practices Knowledge of web frameworks (e.g., Express, Django)","A Backend Developer is tasked with building and maintaining the server-side logic and database infrastructure of web applications. They work on the core functionality, data storage, and server communication to ensure the application runs smoothly and efficiently.","Develop server-side logic and databases using programming languages like Java, Python, or Node.js. Ensure data security and integrity. Implement APIs for seamless communication between frontend and backend.",Belize
565837248366398,Software Engineer,Backend Developer,1 to 12 Years,M.Com,"Proficiency in one or more backend programming languages (e.g., Java, Python, Node.js, Ruby) API development Database management (SQL or NoSQL) Server management and deployment Security best practices Knowledge of web frameworks (e.g., Express, Django)","A Backend Developer is tasked with building and maintaining the server-side logic and database infrastructure of web applications. They work on the core functionality, data storage, and server communication to ensure the application runs smoothly and efficiently.","Develop server-side logic and databases using programming languages like Java, Python, or Node.js. Ensure data security and integrity. Implement APIs for seamless communication between frontend and backend.",Nigeria
499846168355710,Software Engineer,Backend Developer,1 to 13 Years,B.Tech,"Proficiency in one or more backend programming languages (e.g., Java, Python, Node.js, Ruby) API development Database management (SQL or NoSQL) Server management and deployment Security best practices Knowledge of web frameworks (e.g., Express, Django)","A Backend Developer is tasked with building and maintaining the server-side logic and database infrastructure of web applications. They work on the core functionality, data storage, and server communication to ensure the application runs smoothly and efficiently.","Develop server-side logic and databases using programming languages like Java, Python, or Node.js. Ensure data security and integrity. Implement APIs for seamless communication between frontend and backend.",El Salvador
2477677098360134,Software Engineer,Backend Developer,1 to 12 Years,B.Tech,"Proficiency in one or more backend programming languages (e.g., Java, Python, Node.js, Ruby) API development Database management (SQL or NoSQL) Server management and deployment Security best practices Knowledge of web frameworks (e.g., Express, Django)","A Backend Developer is tasked with building and maintaining the server-side logic and database infrastructure of web applications. They work on the core functionality, data storage, and server communication to ensure the application runs smoothly and efficiently.","Develop server-side logic and databases using programming languages like Java, Python, or Node.js. Ensure data security and integrity. Implement APIs for seamless communication between frontend and backend.",Portugal
884747215438039,Software Engineer,Backend Developer,0 to 11 Years,BBA,"Proficiency in one or more backend programming languages (e.g., Java, Python, Node.js, Ruby) API development Database management (SQL or NoSQL) Server management and deployment Security best practices Knowledge of web frameworks (e.g., Express, Django)","A Backend Developer is tasked with building and maintaining the server-side logic and database infrastructure of web applications. They work on the core functionality, data storage, and server communication to ensure the application runs smoothly and efficiently.","Develop server-side logic and databases using programming languages like Java, Python, or Node.js. Ensure data security and integrity. Implement APIs for seamless communication between frontend and backend.",Albania
917615664330008,Software Engineer,Backend Developer,4 to 8 Years,B.Com,"Proficiency in one or more backend programming languages (e.g., Java, Python, Node.js, Ruby) API development Database management (SQL or NoSQL) Server management and deployment Security best practices Knowledge of web frameworks (e.g., Express, Django)","A Backend Developer is tasked with building and maintaining the server-side logic and database infrastructure of web applications. They work on the core functionality, data storage, and server communication to ensure the application runs smoothly and efficiently.","Develop server-side logic and databases using programming languages like Java, Python, or Node.js. Ensure data security and integrity. Implement APIs for seamless communication between frontend and backend.",Guinea-Bissau
1680899902075113,Software Engineer,Backend Developer,5 to 12 Years,B.Com,"Proficiency in one or more backend programming languages (e.g., Java, Python, Node.js, Ruby) API development Database management (SQL or NoSQL) Server management and deployment Security best practices Knowledge of web frameworks (e.g., Express, Django)","A Backend Developer is tasked with building and maintaining the server-side logic and database infrastructure of web applications. They work on the core functionality, data storage, and server communication to ensure the application runs smoothly and efficiently.","Develop server-side logic and databases using programming languages like Java, Python, or Node.js. Ensure data security and integrity. Implement APIs for seamless communication between frontend and backend.",Estonia
2590249988420403,Software Engineer,Backend Developer,0 to 8 Years,M.Com,"Proficiency in one or more backend programming languages (e.g., Java, Python, Node.js, Ruby) API development Database management (SQL or NoSQL) Server management and deployment Security best practices Knowledge of web frameworks (e.g., Express, Django)","A Backend Developer is tasked with building and maintaining the server-side logic and database infrastructure of web applications. They work on the core functionality, data storage, and server communication to ensure the application runs smoothly and efficiently.","Develop server-side logic and databases using programming languages like Java, Python, or Node.js. Ensure data security and integrity. Implement APIs for seamless communication between frontend and backend.",St. Kitts and Nevis
902846410517686,Software Engineer,Backend Developer,4 to 8 Years,BBA,"Proficiency in one or more backend programming languages (e.g., Java, Python, Node.js, Ruby) API development Database management (SQL or NoSQL) Server management and deployment Security best practices Knowledge of web frameworks (e.g., Express, Django)","A Backend Developer is tasked with building and maintaining the server-side logic and database infrastructure of web applications. They work on the core functionality, data storage, and server communication to ensure the application runs smoothly and efficiently.","Develop server-side logic and databases using programming languages like Java, Python, or Node.js. Ensure data security and integrity. Implement APIs for seamless communication between frontend and backend.",China
2083465225873179,Software Engineer,Backend Developer,4 to 15 Years,BA,"Proficiency in one or more backend programming languages (e.g., Java, Python, Node.js, Ruby) API development Database management (SQL or NoSQL) Server management and deployment Security best practices Knowledge of web frameworks (e.g., Express, Django)","A Backend Developer is tasked with building and maintaining the server-side logic and database infrastructure of web applications. They work on the core functionality, data storage, and server communication to ensure the application runs smoothly and efficiently.","Develop server-side logic and databases using programming languages like Java, Python, or Node.js. Ensure data security and integrity. Implement APIs for seamless communication between frontend and backend.",Slovak Republic
2951008613219976,Software Engineer,Backend Developer,1 to 9 Years,PhD,"Proficiency in one or more backend programming languages (e.g., Java, Python, Node.js, Ruby) API development Database management (SQL or NoSQL) Server management and deployment Security best practices Knowledge of web frameworks (e.g., Express, Django)","A Backend Developer is tasked with building and maintaining the server-side logic and database infrastructure of web applications. They work on the core functionality, data storage, and server communication to ensure the application runs smoothly and efficiently.","Develop server-side logic and databases using programming languages like Java, Python, or Node.js. Ensure data security and integrity. Implement APIs for seamless communication between frontend and backend.",Serbia
5297739368769,Software Engineer,Backend Developer,2 to 11 Years,B.Com,"Proficiency in one or more backend programming languages (e.g., Java, Python, Node.js, Ruby) API development Database management (SQL or NoSQL) Server management and deployment Security best practices Knowledge of web frameworks (e.g., Express, Django)","A Backend Developer is tasked with building and maintaining the server-side logic and database infrastructure of web applications. They work on the core functionality, data storage, and server communication to ensure the application runs smoothly and efficiently.","Develop server-side logic and databases using programming languages like Java, Python, or Node.js. Ensure data security and integrity. Implement APIs for seamless communication between frontend and backend.",Dominica
1408059107916041,Software Engineer,Backend Developer,5 to 15 Years,BBA,"Proficiency in one or more backend programming languages (e.g., Java, Python, Node.js, Ruby) API development Database management (SQL or NoSQL) Server management and deployment Security best practices Knowledge of web frameworks (e.g., Express, Django)","A Backend Developer is tasked with building and maintaining the server-side logic and database infrastructure of web applications. They work on the core functionality, data storage, and server communication to ensure the application runs smoothly and efficiently.","Develop server-side logic and databases using programming languages like Java, Python, or Node.js. Ensure data security and integrity. Implement APIs for seamless communication between frontend and backend.",Nauru
1030430252711917,Software Engineer,Backend Developer,1 to 10 Years,B.Com,"Proficiency in one or more backend programming languages (e.g., Java, Python, Node.js, Ruby) API development Database management (SQL or NoSQL) Server management and deployment Security best practices Knowledge of web frameworks (e.g., Express, Django)","A Backend Developer is tasked with building and maintaining the server-side logic and database infrastructure of web applications. They work on the core functionality, data storage, and server communication to ensure the application runs smoothly and efficiently.","Develop server-side logic and databases using programming languages like Java, Python, or Node.js. Ensure data security and integrity. Implement APIs for seamless communication between frontend and backend.",Ecuador
267096869592215,Software Engineer,Backend Developer,0 to 9 Years,MBA,"Proficiency in one or more backend programming languages (e.g., Java, Python, Node.js, Ruby) API development Database management (SQL or NoSQL) Server management and deployment Security best practices Knowledge of web frameworks (e.g., Express, Django)","A Backend Developer is tasked with building and maintaining the server-side logic and database infrastructure of web applications. They work on the core functionality, data storage, and server communication to ensure the application runs smoothly and efficiently.","Develop server-side logic and databases using programming languages like Java, Python, or Node.js. Ensure data security and integrity. Implement APIs for seamless communication between frontend and backend.",Belarus
1092827826393643,Software Engineer,Backend Developer,2 to 11 Years,B.Tech,"Proficiency in one or more backend programming languages (e.g., Java, Python, Node.js, Ruby) API development Database management (SQL or NoSQL) Server management and deployment Security best practices Knowledge of web frameworks (e.g., Express, Django)","A Backend Developer is tasked with building and maintaining the server-side logic and database infrastructure of web applications. They work on the core functionality, data storage, and server communication to ensure the application runs smoothly and efficiently.","Develop server-side logic and databases using programming languages like Java, Python, or Node.js. Ensure data security and integrity. Implement APIs for seamless communication between frontend and backend.",Grenada
185795669433173,Software Engineer,Backend Developer,4 to 12 Years,MBA,"Proficiency in one or more backend programming languages (e.g., Java, Python, Node.js, Ruby) API development Database management (SQL or NoSQL) Server management and deployment Security best practices Knowledge of web frameworks (e.g., Express, Django)","A Backend Developer is tasked with building and maintaining the server-side logic and database infrastructure of web applications. They work on the core functionality, data storage, and server communication to ensure the application runs smoothly and efficiently.","Develop server-side logic and databases using programming languages like Java, Python, or Node.js. Ensure data security and integrity. Implement APIs for seamless communication between frontend and backend.",Turkmenistan
1199433537876475,Software Engineer,Backend Developer,2 to 12 Years,MCA,"Proficiency in one or more backend programming languages (e.g., Java, Python, Node.js, Ruby) API development Database management (SQL or NoSQL) Server management and deployment Security best practices Knowledge of web frameworks (e.g., Express, Django)","A Backend Developer is tasked with building and maintaining the server-side logic and database infrastructure of web applications. They work on the core functionality, data storage, and server communication to ensure the application runs smoothly and efficiently.","Develop server-side logic and databases using programming languages like Java, Python, or Node.js. Ensure data security and integrity. Implement APIs for seamless communication between frontend and backend.",Paraguay
1771310524216280,Software Engineer,Backend Developer,3 to 11 Years,PhD,"Proficiency in one or more backend programming languages (e.g., Java, Python, Node.js, Ruby) API development Database management (SQL or NoSQL) Server management and deployment Security best practices Knowledge of web frameworks (e.g., Express, Django)","A Backend Developer is tasked with building and maintaining the server-side logic and database infrastructure of web applications. They work on the core functionality, data storage, and server communication to ensure the application runs smoothly and efficiently.","Develop server-side logic and databases using programming languages like Java, Python, or Node.js. Ensure data security and integrity. Implement APIs for seamless communication between frontend and backend.",Ghana
2342362921780664,Software Engineer,Backend Developer,0 to 14 Years,B.Tech,"Proficiency in one or more backend programming languages (e.g., Java, Python, Node.js, Ruby) API development Database management (SQL or NoSQL) Server management and deployment Security best practices Knowledge of web frameworks (e.g., Express, Django)","A Backend Developer is tasked with building and maintaining the server-side logic and database infrastructure of web applications. They work on the core functionality, data storage, and server communication to ensure the application runs smoothly and efficiently.","Develop server-side logic and databases using programming languages like Java, Python, or Node.js. Ensure data security and integrity. Implement APIs for seamless communication between frontend and backend.",Philippines
2280673839603345,Software Engineer,Backend Developer,3 to 12 Years,M.Com,"Proficiency in one or more backend programming languages (e.g., Java, Python, Node.js, Ruby) API development Database management (SQL or NoSQL) Server management and deployment Security best practices Knowledge of web frameworks (e.g., Express, Django)","A Backend Developer is tasked with building and maintaining the server-side logic and database infrastructure of web applications. They work on the core functionality, data storage, and server communication to ensure the application runs smoothly and efficiently.","Develop server-side logic and databases using programming languages like Java, Python, or Node.js. Ensure data security and integrity. Implement APIs for seamless communication between frontend and backend.",Uganda
2090014144020149,Software Engineer,Backend Developer,3 to 12 Years,BCA,"Proficiency in one or more backend programming languages (e.g., Java, Python, Node.js, Ruby) API development Database management (SQL or NoSQL) Server management and deployment Security best practices Knowledge of web frameworks (e.g., Express, Django)","A Backend Developer is tasked with building and maintaining the server-side logic and database infrastructure of web applications. They work on the core functionality, data storage, and server communication to ensure the application runs smoothly and efficiently.","Develop server-side logic and databases using programming languages like Java, Python, or Node.js. Ensure data security and integrity. Implement APIs for seamless communication between frontend and backend.",St. Vincent and the Grenadines
1187407835221975,Software Engineer,Backend Developer,2 to 13 Years,B.Com,"Proficiency in one or more backend programming languages (e.g., Java, Python, Node.js, Ruby) API development Database management (SQL or NoSQL) Server management and deployment Security best practices Knowledge of web frameworks (e.g., Express, Django)","A Backend Developer is tasked with building and maintaining the server-side logic and database infrastructure of web applications. They work on the core functionality, data storage, and server communication to ensure the application runs smoothly and efficiently.","Develop server-side logic and databases using programming languages like Java, Python, or Node.js. Ensure data security and integrity. Implement APIs for seamless communication between frontend and backend.",Ethiopia
2343309713983504,Software Engineer,Backend Developer,2 to 15 Years,BBA,"Proficiency in one or more backend programming languages (e.g., Java, Python, Node.js, Ruby) API development Database management (SQL or NoSQL) Server management and deployment Security best practices Knowledge of web frameworks (e.g., Express, Django)","A Backend Developer is tasked with building and maintaining the server-side logic and database infrastructure of web applications. They work on the core functionality, data storage, and server communication to ensure the application runs smoothly and efficiently.","Develop server-side logic and databases using programming languages like Java, Python, or Node.js. Ensure data security and integrity. Implement APIs for seamless communication between frontend and backend.",Cuba
327343204560765,Software Engineer,Backend Developer,1 to 10 Years,M.Com,"Proficiency in one or more backend programming languages (e.g., Java, Python, Node.js, Ruby) API development Database management (SQL or NoSQL) Server management and deployment Security best practices Knowledge of web frameworks (e.g., Express, Django)","A Backend Developer is tasked with building and maintaining the server-side logic and database infrastructure of web applications. They work on the core functionality, data storage, and server communication to ensure the application runs smoothly and efficiently.","Develop server-side logic and databases using programming languages like Java, Python, or Node.js. Ensure data security and integrity. Implement APIs for seamless communication between frontend and backend.",UAE
2478200047327162,Software Engineer,Backend Developer,3 to 8 Years,M.Com,"Proficiency in one or more backend programming languages (e.g., Java, Python, Node.js, Ruby) API development Database management (SQL or NoSQL) Server management and deployment Security best practices Knowledge of web frameworks (e.g., Express, Django)","A Backend Developer is tasked with building and maintaining the server-side logic and database infrastructure of web applications. They work on the core functionality, data storage, and server communication to ensure the application runs smoothly and efficiently.","Develop server-side logic and databases using programming languages like Java, Python, or Node.js. Ensure data security and integrity. Implement APIs for seamless communication between frontend and backend.",Costa Rica
1893346537218965,Software Engineer,Backend Developer,4 to 11 Years,MBA,"Proficiency in one or more backend programming languages (e.g., Java, Python, Node.js, Ruby) API development Database management (SQL or NoSQL) Server management and deployment Security best practices Knowledge of web frameworks (e.g., Express, Django)","A Backend Developer is tasked with building and maintaining the server-side logic and database infrastructure of web applications. They work on the core functionality, data storage, and server communication to ensure the application runs smoothly and efficiently.","Develop server-side logic and databases using programming languages like Java, Python, or Node.js. Ensure data security and integrity. Implement APIs for seamless communication between frontend and backend.",Virgin Islands (U.S.)
504178033587606,Software Engineer,Backend Developer,4 to 10 Years,BBA,"Proficiency in one or more backend programming languages (e.g., Java, Python, Node.js, Ruby) API development Database management (SQL or NoSQL) Server management and deployment Security best practices Knowledge of web frameworks (e.g., Express, Django)","A Backend Developer is tasked with building and maintaining the server-side logic and database infrastructure of web applications. They work on the core functionality, data storage, and server communication to ensure the application runs smoothly and efficiently.","Develop server-side logic and databases using programming languages like Java, Python, or Node.js. Ensure data security and integrity. Implement APIs for seamless communication between frontend and backend.",Honduras
2395836473772428,Software Engineer,Backend Developer,2 to 15 Years,BA,"Proficiency in one or more backend programming languages (e.g., Java, Python, Node.js, Ruby) API development Database management (SQL or NoSQL) Server management and deployment Security best practices Knowledge of web frameworks (e.g., Express, Django)","A Backend Developer is tasked with building and maintaining the server-side logic and database infrastructure of web applications. They work on the core functionality, data storage, and server communication to ensure the application runs smoothly and efficiently.","Develop server-side logic and databases using programming languages like Java, Python, or Node.js. Ensure data security and integrity. Implement APIs for seamless communication between frontend and backend.",Solomon Islands
2912106465750414,Software Engineer,Backend Developer,4 to 13 Years,MCA,"Proficiency in one or more backend programming languages (e.g., Java, Python, Node.js, Ruby) API development Database management (SQL or NoSQL) Server management and deployment Security best practices Knowledge of web frameworks (e.g., Express, Django)","A Backend Developer is tasked with building and maintaining the server-side logic and database infrastructure of web applications. They work on the core functionality, data storage, and server communication to ensure the application runs smoothly and efficiently.","Develop server-side logic and databases using programming languages like Java, Python, or Node.js. Ensure data security and integrity. Implement APIs for seamless communication between frontend and backend.",Mauritius
1588697896873315,Software Engineer,Backend Developer,3 to 10 Years,BBA,"Proficiency in one or more backend programming languages (e.g., Java, Python, Node.js, Ruby) API development Database management (SQL or NoSQL) Server management and deployment Security best practices Knowledge of web frameworks (e.g., Express, Django)","A Backend Developer is tasked with building and maintaining the server-side logic and database infrastructure of web applications. They work on the core functionality, data storage, and server communication to ensure the application runs smoothly and efficiently.","Develop server-side logic and databases using programming languages like Java, Python, or Node.js. Ensure data security and integrity. Implement APIs for seamless communication between frontend and backend.",Kiribati
2596379466802317,Software Engineer,Backend Developer,5 to 15 Years,B.Tech,"Proficiency in one or more backend programming languages (e.g., Java, Python, Node.js, Ruby) API development Database management (SQL or NoSQL) Server management and deployment Security best practices Knowledge of web frameworks (e.g., Express, Django)","A Backend Developer is tasked with building and maintaining the server-side logic and database infrastructure of web applications. They work on the core functionality, data storage, and server communication to ensure the application runs smoothly and efficiently.","Develop server-side logic and databases using programming languages like Java, Python, or Node.js. Ensure data security and integrity. Implement APIs for seamless communication between frontend and backend.",Comoros
2777938638130249,Software Engineer,Backend Developer,1 to 9 Years,BA,"Proficiency in one or more backend programming languages (e.g., Java, Python, Node.js, Ruby) API development Database management (SQL or NoSQL) Server management and deployment Security best practices Knowledge of web frameworks (e.g., Express, Django)","A Backend Developer is tasked with building and maintaining the server-side logic and database infrastructure of web applications. They work on the core functionality, data storage, and server communication to ensure the application runs smoothly and efficiently.","Develop server-side logic and databases using programming languages like Java, Python, or Node.js. Ensure data security and integrity. Implement APIs for seamless communication between frontend and backend.",Turks and Caicos Islands
1744476954831775,Software Engineer,Backend Developer,3 to 12 Years,M.Com,"Proficiency in one or more backend programming languages (e.g., Java, Python, Node.js, Ruby) API development Database management (SQL or NoSQL) Server management and deployment Security best practices Knowledge of web frameworks (e.g., Express, Django)","A Backend Developer is tasked with building and maintaining the server-side logic and database infrastructure of web applications. They work on the core functionality, data storage, and server communication to ensure the application runs smoothly and efficiently.","Develop server-side logic and databases using programming languages like Java, Python, or Node.js. Ensure data security and integrity. Implement APIs for seamless communication between frontend and backend.",Grenada
1499200261694063,Software Engineer,Backend Developer,0 to 11 Years,MCA,"Proficiency in one or more backend programming languages (e.g., Java, Python, Node.js, Ruby) API development Database management (SQL or NoSQL) Server management and deployment Security best practices Knowledge of web frameworks (e.g., Express, Django)","A Backend Developer is tasked with building and maintaining the server-side logic and database infrastructure of web applications. They work on the core functionality, data storage, and server communication to ensure the application runs smoothly and efficiently.","Develop server-side logic and databases using programming languages like Java, Python, or Node.js. Ensure data security and integrity. Implement APIs for seamless communication between frontend and backend.",Finland
1837748146741081,Software Engineer,Backend Developer,1 to 13 Years,MBA,"Proficiency in one or more backend programming languages (e.g., Java, Python, Node.js, Ruby) API development Database management (SQL or NoSQL) Server management and deployment Security best practices Knowledge of web frameworks (e.g., Express, Django)","A Backend Developer is tasked with building and maintaining the server-side logic and database infrastructure of web applications. They work on the core functionality, data storage, and server communication to ensure the application runs smoothly and efficiently.","Develop server-side logic and databases using programming languages like Java, Python, or Node.js. Ensure data security and integrity. Implement APIs for seamless communication between frontend and backend.",Republic Of Congo
1843294136427253,Software Engineer,Backend Developer,3 to 13 Years,BCA,"Proficiency in one or more backend programming languages (e.g., Java, Python, Node.js, Ruby) API development Database management (SQL or NoSQL) Server management and deployment Security best practices Knowledge of web frameworks (e.g., Express, Django)","A Backend Developer is tasked with building and maintaining the server-side logic and database infrastructure of web applications. They work on the core functionality, data storage, and server communication to ensure the application runs smoothly and efficiently.","Develop server-side logic and databases using programming languages like Java, Python, or Node.js. Ensure data security and integrity. Implement APIs for seamless communication between frontend and backend.",Guatemala
1083427838379909,Software Engineer,Backend Developer,2 to 12 Years,BCA,"Proficiency in one or more backend programming languages (e.g., Java, Python, Node.js, Ruby) API development Database management (SQL or NoSQL) Server management and deployment Security best practices Knowledge of web frameworks (e.g., Express, Django)","A Backend Developer is tasked with building and maintaining the server-side logic and database infrastructure of web applications. They work on the core functionality, data storage, and server communication to ensure the application runs smoothly and efficiently.","Develop server-side logic and databases using programming languages like Java, Python, or Node.js. Ensure data security and integrity. Implement APIs for seamless communication between frontend and backend.",Gibraltar
2511990908044259,Software Engineer,Backend Developer,2 to 14 Years,M.Com,"Proficiency in one or more backend programming languages (e.g., Java, Python, Node.js, Ruby) API development Database management (SQL or NoSQL) Server management and deployment Security best practices Knowledge of web frameworks (e.g., Express, Django)","A Backend Developer is tasked with building and maintaining the server-side logic and database infrastructure of web applications. They work on the core functionality, data storage, and server communication to ensure the application runs smoothly and efficiently.","Develop server-side logic and databases using programming languages like Java, Python, or Node.js. Ensure data security and integrity. Implement APIs for seamless communication between frontend and backend.",Slovak Republic
2534633148954007,Software Engineer,Backend Developer,5 to 11 Years,MCA,"Proficiency in one or more backend programming languages (e.g., Java, Python, Node.js, Ruby) API development Database management (SQL or NoSQL) Server management and deployment Security best practices Knowledge of web frameworks (e.g., Express, Django)","A Backend Developer is tasked with building and maintaining the server-side logic and database infrastructure of web applications. They work on the core functionality, data storage, and server communication to ensure the application runs smoothly and efficiently.","Develop server-side logic and databases using programming languages like Java, Python, or Node.js. Ensure data security and integrity. Implement APIs for seamless communication between frontend and backend.",West Bank and Gaza
189372832282093,Software Engineer,Backend Developer,3 to 11 Years,BCA,"Proficiency in one or more backend programming languages (e.g., Java, Python, Node.js, Ruby) API development Database management (SQL or NoSQL) Server management and deployment Security best practices Knowledge of web frameworks (e.g., Express, Django)","A Backend Developer is tasked with building and maintaining the server-side logic and database infrastructure of web applications. They work on the core functionality, data storage, and server communication to ensure the application runs smoothly and efficiently.","Develop server-side logic and databases using programming languages like Java, Python, or Node.js. Ensure data security and integrity. Implement APIs for seamless communication between frontend and backend.",Egypt
2166048835353997,Software Engineer,Backend Developer,0 to 8 Years,PhD,"Proficiency in one or more backend programming languages (e.g., Java, Python, Node.js, Ruby) API development Database management (SQL or NoSQL) Server management and deployment Security best practices Knowledge of web frameworks (e.g., Express, Django)","A Backend Developer is tasked with building and maintaining the server-side logic and database infrastructure of web applications. They work on the core functionality, data storage, and server communication to ensure the application runs smoothly and efficiently.","Develop server-side logic and databases using programming languages like Java, Python, or Node.js. Ensure data security and integrity. Implement APIs for seamless communication between frontend and backend.",Uganda
2677760565203492,Software Engineer,Backend Developer,4 to 9 Years,PhD,"Proficiency in one or more backend programming languages (e.g., Java, Python, Node.js, Ruby) API development Database management (SQL or NoSQL) Server management and deployment Security best practices Knowledge of web frameworks (e.g., Express, Django)","A Backend Developer is tasked with building and maintaining the server-side logic and database infrastructure of web applications. They work on the core functionality, data storage, and server communication to ensure the application runs smoothly and efficiently.","Develop server-side logic and databases using programming languages like Java, Python, or Node.js. Ensure data security and integrity. Implement APIs for seamless communication between frontend and backend.",South Sudan
903883764528890,Software Engineer,Backend Developer,0 to 8 Years,B.Com,"Proficiency in one or more backend programming languages (e.g., Java, Python, Node.js, Ruby) API development Database management (SQL or NoSQL) Server management and deployment Security best practices Knowledge of web frameworks (e.g., Express, Django)","A Backend Developer is tasked with building and maintaining the server-side logic and database infrastructure of web applications. They work on the core functionality, data storage, and server communication to ensure the application runs smoothly and efficiently.","Develop server-side logic and databases using programming languages like Java, Python, or Node.js. Ensure data security and integrity. Implement APIs for seamless communication between frontend and backend.",Gabon
2185797323677736,Software Engineer,Backend Developer,0 to 14 Years,B.Tech,"Proficiency in one or more backend programming languages (e.g., Java, Python, Node.js, Ruby) API development Database management (SQL or NoSQL) Server management and deployment Security best practices Knowledge of web frameworks (e.g., Express, Django)","A Backend Developer is tasked with building and maintaining the server-side logic and database infrastructure of web applications. They work on the core functionality, data storage, and server communication to ensure the application runs smoothly and efficiently.","Develop server-side logic and databases using programming languages like Java, Python, or Node.js. Ensure data security and integrity. Implement APIs for seamless communication between frontend and backend.",Iceland
1112357887361117,Software Engineer,Backend Developer,2 to 10 Years,BA,"Proficiency in one or more backend programming languages (e.g., Java, Python, Node.js, Ruby) API development Database management (SQL or NoSQL) Server management and deployment Security best practices Knowledge of web frameworks (e.g., Express, Django)","A Backend Developer is tasked with building and maintaining the server-side logic and database infrastructure of web applications. They work on the core functionality, data storage, and server communication to ensure the application runs smoothly and efficiently.","Develop server-side logic and databases using programming languages like Java, Python, or Node.js. Ensure data security and integrity. Implement APIs for seamless communication between frontend and backend.",Madagascar
1815571352922949,Software Engineer,Backend Developer,0 to 9 Years,MCA,"Proficiency in one or more backend programming languages (e.g., Java, Python, Node.js, Ruby) API development Database management (SQL or NoSQL) Server management and deployment Security best practices Knowledge of web frameworks (e.g., Express, Django)","A Backend Developer is tasked with building and maintaining the server-side logic and database infrastructure of web applications. They work on the core functionality, data storage, and server communication to ensure the application runs smoothly and efficiently.","Develop server-side logic and databases using programming languages like Java, Python, or Node.js. Ensure data security and integrity. Implement APIs for seamless communication between frontend and backend.",Indonesia
2311315663657801,Software Engineer,Backend Developer,3 to 14 Years,B.Com,"Proficiency in one or more backend programming languages (e.g., Java, Python, Node.js, Ruby) API development Database management (SQL or NoSQL) Server management and deployment Security best practices Knowledge of web frameworks (e.g., Express, Django)","A Backend Developer is tasked with building and maintaining the server-side logic and database infrastructure of web applications. They work on the core functionality, data storage, and server communication to ensure the application runs smoothly and efficiently.","Develop server-side logic and databases using programming languages like Java, Python, or Node.js. Ensure data security and integrity. Implement APIs for seamless communication between frontend and backend.",Faroe Islands
866193411087900,Software Engineer,Backend Developer,5 to 12 Years,M.Com,"Proficiency in one or more backend programming languages (e.g., Java, Python, Node.js, Ruby) API development Database management (SQL or NoSQL) Server management and deployment Security best practices Knowledge of web frameworks (e.g., Express, Django)","A Backend Developer is tasked with building and maintaining the server-side logic and database infrastructure of web applications. They work on the core functionality, data storage, and server communication to ensure the application runs smoothly and efficiently.","Develop server-side logic and databases using programming languages like Java, Python, or Node.js. Ensure data security and integrity. Implement APIs for seamless communication between frontend and backend.",Botswana
284824200918397,Software Engineer,Backend Developer,0 to 15 Years,B.Com,"Proficiency in one or more backend programming languages (e.g., Java, Python, Node.js, Ruby) API development Database management (SQL or NoSQL) Server management and deployment Security best practices Knowledge of web frameworks (e.g., Express, Django)","A Backend Developer is tasked with building and maintaining the server-side logic and database infrastructure of web applications. They work on the core functionality, data storage, and server communication to ensure the application runs smoothly and efficiently.","Develop server-side logic and databases using programming languages like Java, Python, or Node.js. Ensure data security and integrity. Implement APIs for seamless communication between frontend and backend.",Bolivia
2423812509342828,Software Engineer,Backend Developer,5 to 9 Years,BCA,"Proficiency in one or more backend programming languages (e.g., Java, Python, Node.js, Ruby) API development Database management (SQL or NoSQL) Server management and deployment Security best practices Knowledge of web frameworks (e.g., Express, Django)","A Backend Developer is tasked with building and maintaining the server-side logic and database infrastructure of web applications. They work on the core functionality, data storage, and server communication to ensure the application runs smoothly and efficiently.","Develop server-side logic and databases using programming languages like Java, Python, or Node.js. Ensure data security and integrity. Implement APIs for seamless communication between frontend and backend.",Morocco
1571021060634262,Software Engineer,Backend Developer,5 to 10 Years,M.Com,"Proficiency in one or more backend programming languages (e.g., Java, Python, Node.js, Ruby) API development Database management (SQL or NoSQL) Server management and deployment Security best practices Knowledge of web frameworks (e.g., Express, Django)","A Backend Developer is tasked with building and maintaining the server-side logic and database infrastructure of web applications. They work on the core functionality, data storage, and server communication to ensure the application runs smoothly and efficiently.","Develop server-side logic and databases using programming languages like Java, Python, or Node.js. Ensure data security and integrity. Implement APIs for seamless communication between frontend and backend.",St. Vincent and the Grenadines
2571729369610715,Software Engineer,Backend Developer,2 to 8 Years,BBA,"Proficiency in one or more backend programming languages (e.g., Java, Python, Node.js, Ruby) API development Database management (SQL or NoSQL) Server management and deployment Security best practices Knowledge of web frameworks (e.g., Express, Django)","A Backend Developer is tasked with building and maintaining the server-side logic and database infrastructure of web applications. They work on the core functionality, data storage, and server communication to ensure the application runs smoothly and efficiently.","Develop server-side logic and databases using programming languages like Java, Python, or Node.js. Ensure data security and integrity. Implement APIs for seamless communication between frontend and backend.",Colombia
10339392981926,Software Engineer,Backend Developer,4 to 13 Years,M.Com,"Proficiency in one or more backend programming languages (e.g., Java, Python, Node.js, Ruby) API development Database management (SQL or NoSQL) Server management and deployment Security best practices Knowledge of web frameworks (e.g., Express, Django)","A Backend Developer is tasked with building and maintaining the server-side logic and database infrastructure of web applications. They work on the core functionality, data storage, and server communication to ensure the application runs smoothly and efficiently.","Develop server-side logic and databases using programming languages like Java, Python, or Node.js. Ensure data security and integrity. Implement APIs for seamless communication between frontend and backend.",St. Martin (French part)
240382255387426,Software Engineer,Backend Developer,3 to 10 Years,M.Tech,"Proficiency in one or more backend programming languages (e.g., Java, Python, Node.js, Ruby) API development Database management (SQL or NoSQL) Server management and deployment Security best practices Knowledge of web frameworks (e.g., Express, Django)","A Backend Developer is tasked with building and maintaining the server-side logic and database infrastructure of web applications. They work on the core functionality, data storage, and server communication to ensure the application runs smoothly and efficiently.","Develop server-side logic and databases using programming languages like Java, Python, or Node.js. Ensure data security and integrity. Implement APIs for seamless communication between frontend and backend.",Nepal
413144542373117,Software Engineer,Backend Developer,4 to 8 Years,B.Com,"Proficiency in one or more backend programming languages (e.g., Java, Python, Node.js, Ruby) API development Database management (SQL or NoSQL) Server management and deployment Security best practices Knowledge of web frameworks (e.g., Express, Django)","A Backend Developer is tasked with building and maintaining the server-side logic and database infrastructure of web applications. They work on the core functionality, data storage, and server communication to ensure the application runs smoothly and efficiently.","Develop server-side logic and databases using programming languages like Java, Python, or Node.js. Ensure data security and integrity. Implement APIs for seamless communication between frontend and backend.",Turks and Caicos Islands
955334041823182,Software Engineer,Backend Developer,3 to 15 Years,MCA,"Proficiency in one or more backend programming languages (e.g., Java, Python, Node.js, Ruby) API development Database management (SQL or NoSQL) Server management and deployment Security best practices Knowledge of web frameworks (e.g., Express, Django)","A Backend Developer is tasked with building and maintaining the server-side logic and database infrastructure of web applications. They work on the core functionality, data storage, and server communication to ensure the application runs smoothly and efficiently.","Develop server-side logic and databases using programming languages like Java, Python, or Node.js. Ensure data security and integrity. Implement APIs for seamless communication between frontend and backend.",Barbados
586137967972507,Software Engineer,Backend Developer,5 to 8 Years,BA,"Proficiency in one or more backend programming languages (e.g., Java, Python, Node.js, Ruby) API development Database management (SQL or NoSQL) Server management and deployment Security best practices Knowledge of web frameworks (e.g., Express, Django)","A Backend Developer is tasked with building and maintaining the server-side logic and database infrastructure of web applications. They work on the core functionality, data storage, and server communication to ensure the application runs smoothly and efficiently.","Develop server-side logic and databases using programming languages like Java, Python, or Node.js. Ensure data security and integrity. Implement APIs for seamless communication between frontend and backend.",Brunei
1710317467243116,Software Engineer,Backend Developer,2 to 12 Years,MBA,"Proficiency in one or more backend programming languages (e.g., Java, Python, Node.js, Ruby) API development Database management (SQL or NoSQL) Server management and deployment Security best practices Knowledge of web frameworks (e.g., Express, Django)","A Backend Developer is tasked with building and maintaining the server-side logic and database infrastructure of web applications. They work on the core functionality, data storage, and server communication to ensure the application runs smoothly and efficiently.","Develop server-side logic and databases using programming languages like Java, Python, or Node.js. Ensure data security and integrity. Implement APIs for seamless communication between frontend and backend.",Chile
2493410695884770,Software Engineer,Backend Developer,1 to 14 Years,M.Com,"Proficiency in one or more backend programming languages (e.g., Java, Python, Node.js, Ruby) API development Database management (SQL or NoSQL) Server management and deployment Security best practices Knowledge of web frameworks (e.g., Express, Django)","A Backend Developer is tasked with building and maintaining the server-side logic and database infrastructure of web applications. They work on the core functionality, data storage, and server communication to ensure the application runs smoothly and efficiently.","Develop server-side logic and databases using programming languages like Java, Python, or Node.js. Ensure data security and integrity. Implement APIs for seamless communication between frontend and backend.",Lesotho
2910223322290536,Software Engineer,Backend Developer,3 to 11 Years,MCA,"Proficiency in one or more backend programming languages (e.g., Java, Python, Node.js, Ruby) API development Database management (SQL or NoSQL) Server management and deployment Security best practices Knowledge of web frameworks (e.g., Express, Django)","A Backend Developer is tasked with building and maintaining the server-side logic and database infrastructure of web applications. They work on the core functionality, data storage, and server communication to ensure the application runs smoothly and efficiently.","Develop server-side logic and databases using programming languages like Java, Python, or Node.js. Ensure data security and integrity. Implement APIs for seamless communication between frontend and backend.",USA
2550162666087580,Software Engineer,Backend Developer,0 to 8 Years,M.Tech,"Proficiency in one or more backend programming languages (e.g., Java, Python, Node.js, Ruby) API development Database management (SQL or NoSQL) Server management and deployment Security best practices Knowledge of web frameworks (e.g., Express, Django)","A Backend Developer is tasked with building and maintaining the server-side logic and database infrastructure of web applications. They work on the core functionality, data storage, and server communication to ensure the application runs smoothly and efficiently.","Develop server-side logic and databases using programming languages like Java, Python, or Node.js. Ensure data security and integrity. Implement APIs for seamless communication between frontend and backend.",Fiji
291069583552106,Software Engineer,Backend Developer,0 to 12 Years,PhD,"Proficiency in one or more backend programming languages (e.g., Java, Python, Node.js, Ruby) API development Database management (SQL or NoSQL) Server management and deployment Security best practices Knowledge of web frameworks (e.g., Express, Django)","A Backend Developer is tasked with building and maintaining the server-side logic and database infrastructure of web applications. They work on the core functionality, data storage, and server communication to ensure the application runs smoothly and efficiently.","Develop server-side logic and databases using programming languages like Java, Python, or Node.js. Ensure data security and integrity. Implement APIs for seamless communication between frontend and backend.",Paraguay
332080833970007,Software Engineer,Backend Developer,0 to 14 Years,M.Tech,"Proficiency in one or more backend programming languages (e.g., Java, Python, Node.js, Ruby) API development Database management (SQL or NoSQL) Server management and deployment Security best practices Knowledge of web frameworks (e.g., Express, Django)","A Backend Developer is tasked with building and maintaining the server-side logic and database infrastructure of web applications. They work on the core functionality, data storage, and server communication to ensure the application runs smoothly and efficiently.","Develop server-side logic and databases using programming languages like Java, Python, or Node.js. Ensure data security and integrity. Implement APIs for seamless communication between frontend and backend.",Nigeria
2141623427172379,Software Engineer,Backend Developer,4 to 14 Years,M.Com,"Proficiency in one or more backend programming languages (e.g., Java, Python, Node.js, Ruby) API development Database management (SQL or NoSQL) Server management and deployment Security best practices Knowledge of web frameworks (e.g., Express, Django)","A Backend Developer is tasked with building and maintaining the server-side logic and database infrastructure of web applications. They work on the core functionality, data storage, and server communication to ensure the application runs smoothly and efficiently.","Develop server-side logic and databases using programming languages like Java, Python, or Node.js. Ensure data security and integrity. Implement APIs for seamless communication between frontend and backend.","Korea, Rep."
590404421600854,Software Engineer,Backend Developer,3 to 15 Years,MBA,"Proficiency in one or more backend programming languages (e.g., Java, Python, Node.js, Ruby) API development Database management (SQL or NoSQL) Server management and deployment Security best practices Knowledge of web frameworks (e.g., Express, Django)","A Backend Developer is tasked with building and maintaining the server-side logic and database infrastructure of web applications. They work on the core functionality, data storage, and server communication to ensure the application runs smoothly and efficiently.","Develop server-side logic and databases using programming languages like Java, Python, or Node.js. Ensure data security and integrity. Implement APIs for seamless communication between frontend and backend.",Qatar
1226668050633996,Software Engineer,Backend Developer,2 to 14 Years,MCA,"Proficiency in one or more backend programming languages (e.g., Java, Python, Node.js, Ruby) API development Database management (SQL or NoSQL) Server management and deployment Security best practices Knowledge of web frameworks (e.g., Express, Django)","A Backend Developer is tasked with building and maintaining the server-side logic and database infrastructure of web applications. They work on the core functionality, data storage, and server communication to ensure the application runs smoothly and efficiently.","Develop server-side logic and databases using programming languages like Java, Python, or Node.js. Ensure data security and integrity. Implement APIs for seamless communication between frontend and backend.",Vietnam
2397936528092087,Software Engineer,Backend Developer,2 to 14 Years,BBA,"Proficiency in one or more backend programming languages (e.g., Java, Python, Node.js, Ruby) API development Database management (SQL or NoSQL) Server management and deployment Security best practices Knowledge of web frameworks (e.g., Express, Django)","A Backend Developer is tasked with building and maintaining the server-side logic and database infrastructure of web applications. They work on the core functionality, data storage, and server communication to ensure the application runs smoothly and efficiently.","Develop server-side logic and databases using programming languages like Java, Python, or Node.js. Ensure data security and integrity. Implement APIs for seamless communication between frontend and backend.",St. Kitts and Nevis
1579794603635522,Software Engineer,Backend Developer,5 to 8 Years,BBA,"Proficiency in one or more backend programming languages (e.g., Java, Python, Node.js, Ruby) API development Database management (SQL or NoSQL) Server management and deployment Security best practices Knowledge of web frameworks (e.g., Express, Django)","A Backend Developer is tasked with building and maintaining the server-side logic and database infrastructure of web applications. They work on the core functionality, data storage, and server communication to ensure the application runs smoothly and efficiently.","Develop server-side logic and databases using programming languages like Java, Python, or Node.js. Ensure data security and integrity. Implement APIs for seamless communication between frontend and backend.",San Marino
272148925395447,Software Engineer,Backend Developer,4 to 12 Years,BCA,"Proficiency in one or more backend programming languages (e.g., Java, Python, Node.js, Ruby) API development Database management (SQL or NoSQL) Server management and deployment Security best practices Knowledge of web frameworks (e.g., Express, Django)","A Backend Developer is tasked with building and maintaining the server-side logic and database infrastructure of web applications. They work on the core functionality, data storage, and server communication to ensure the application runs smoothly and efficiently.","Develop server-side logic and databases using programming languages like Java, Python, or Node.js. Ensure data security and integrity. Implement APIs for seamless communication between frontend and backend.",Afghanistan
2774935374061756,Software Engineer,Backend Developer,4 to 8 Years,BCA,"Proficiency in one or more backend programming languages (e.g., Java, Python, Node.js, Ruby) API development Database management (SQL or NoSQL) Server management and deployment Security best practices Knowledge of web frameworks (e.g., Express, Django)","A Backend Developer is tasked with building and maintaining the server-side logic and database infrastructure of web applications. They work on the core functionality, data storage, and server communication to ensure the application runs smoothly and efficiently.","Develop server-side logic and databases using programming languages like Java, Python, or Node.js. Ensure data security and integrity. Implement APIs for seamless communication between frontend and backend.",Albania
1196927066223036,Software Engineer,Backend Developer,5 to 9 Years,B.Tech,"Proficiency in one or more backend programming languages (e.g., Java, Python, Node.js, Ruby) API development Database management (SQL or NoSQL) Server management and deployment Security best practices Knowledge of web frameworks (e.g., Express, Django)","A Backend Developer is tasked with building and maintaining the server-side logic and database infrastructure of web applications. They work on the core functionality, data storage, and server communication to ensure the application runs smoothly and efficiently.","Develop server-side logic and databases using programming languages like Java, Python, or Node.js. Ensure data security and integrity. Implement APIs for seamless communication between frontend and backend.",Iceland
1873421969788271,Software Engineer,Backend Developer,0 to 9 Years,PhD,"Proficiency in one or more backend programming languages (e.g., Java, Python, Node.js, Ruby) API development Database management (SQL or NoSQL) Server management and deployment Security best practices Knowledge of web frameworks (e.g., Express, Django)","A Backend Developer is tasked with building and maintaining the server-side logic and database infrastructure of web applications. They work on the core functionality, data storage, and server communication to ensure the application runs smoothly and efficiently.","Develop server-side logic and databases using programming languages like Java, Python, or Node.js. Ensure data security and integrity. Implement APIs for seamless communication between frontend and backend.",Sweden
135360429322252,Software Engineer,Backend Developer,3 to 14 Years,BA,"Proficiency in one or more backend programming languages (e.g., Java, Python, Node.js, Ruby) API development Database management (SQL or NoSQL) Server management and deployment Security best practices Knowledge of web frameworks (e.g., Express, Django)","A Backend Developer is tasked with building and maintaining the server-side logic and database infrastructure of web applications. They work on the core functionality, data storage, and server communication to ensure the application runs smoothly and efficiently.","Develop server-side logic and databases using programming languages like Java, Python, or Node.js. Ensure data security and integrity. Implement APIs for seamless communication between frontend and backend.",Argentina
63049188956967,Software Engineer,Backend Developer,1 to 11 Years,B.Com,"Proficiency in one or more backend programming languages (e.g., Java, Python, Node.js, Ruby) API development Database management (SQL or NoSQL) Server management and deployment Security best practices Knowledge of web frameworks (e.g., Express, Django)","A Backend Developer is tasked with building and maintaining the server-side logic and database infrastructure of web applications. They work on the core functionality, data storage, and server communication to ensure the application runs smoothly and efficiently.","Develop server-side logic and databases using programming languages like Java, Python, or Node.js. Ensure data security and integrity. Implement APIs for seamless communication between frontend and backend.",Nepal
2499935506091421,Software Engineer,Backend Developer,5 to 8 Years,BCA,"Proficiency in one or more backend programming languages (e.g., Java, Python, Node.js, Ruby) API development Database management (SQL or NoSQL) Server management and deployment Security best practices Knowledge of web frameworks (e.g., Express, Django)","A Backend Developer is tasked with building and maintaining the server-side logic and database infrastructure of web applications. They work on the core functionality, data storage, and server communication to ensure the application runs smoothly and efficiently.","Develop server-side logic and databases using programming languages like Java, Python, or Node.js. Ensure data security and integrity. Implement APIs for seamless communication between frontend and backend.","Korea, Rep."
2556855605578123,Software Engineer,Backend Developer,0 to 12 Years,B.Com,"Proficiency in one or more backend programming languages (e.g., Java, Python, Node.js, Ruby) API development Database management (SQL or NoSQL) Server management and deployment Security best practices Knowledge of web frameworks (e.g., Express, Django)","A Backend Developer is tasked with building and maintaining the server-side logic and database infrastructure of web applications. They work on the core functionality, data storage, and server communication to ensure the application runs smoothly and efficiently.","Develop server-side logic and databases using programming languages like Java, Python, or Node.js. Ensure data security and integrity. Implement APIs for seamless communication between frontend and backend.",Fiji
2750519860653588,Software Engineer,Backend Developer,5 to 9 Years,MCA,"Proficiency in one or more backend programming languages (e.g., Java, Python, Node.js, Ruby) API development Database management (SQL or NoSQL) Server management and deployment Security best practices Knowledge of web frameworks (e.g., Express, Django)","A Backend Developer is tasked with building and maintaining the server-side logic and database infrastructure of web applications. They work on the core functionality, data storage, and server communication to ensure the application runs smoothly and efficiently.","Develop server-side logic and databases using programming languages like Java, Python, or Node.js. Ensure data security and integrity. Implement APIs for seamless communication between frontend and backend.",Equatorial Guinea
93407719767119,Software Engineer,Backend Developer,3 to 11 Years,MBA,"Proficiency in one or more backend programming languages (e.g., Java, Python, Node.js, Ruby) API development Database management (SQL or NoSQL) Server management and deployment Security best practices Knowledge of web frameworks (e.g., Express, Django)","A Backend Developer is tasked with building and maintaining the server-side logic and database infrastructure of web applications. They work on the core functionality, data storage, and server communication to ensure the application runs smoothly and efficiently.","Develop server-side logic and databases using programming languages like Java, Python, or Node.js. Ensure data security and integrity. Implement APIs for seamless communication between frontend and backend.",Turkey
2006041002356643,Software Engineer,Backend Developer,1 to 15 Years,BCA,"Proficiency in one or more backend programming languages (e.g., Java, Python, Node.js, Ruby) API development Database management (SQL or NoSQL) Server management and deployment Security best practices Knowledge of web frameworks (e.g., Express, Django)","A Backend Developer is tasked with building and maintaining the server-side logic and database infrastructure of web applications. They work on the core functionality, data storage, and server communication to ensure the application runs smoothly and efficiently.","Develop server-side logic and databases using programming languages like Java, Python, or Node.js. Ensure data security and integrity. Implement APIs for seamless communication between frontend and backend.",Italy
2282786629123398,Software Engineer,Backend Developer,2 to 15 Years,MBA,"Proficiency in one or more backend programming languages (e.g., Java, Python, Node.js, Ruby) API development Database management (SQL or NoSQL) Server management and deployment Security best practices Knowledge of web frameworks (e.g., Express, Django)","A Backend Developer is tasked with building and maintaining the server-side logic and database infrastructure of web applications. They work on the core functionality, data storage, and server communication to ensure the application runs smoothly and efficiently.","Develop server-side logic and databases using programming languages like Java, Python, or Node.js. Ensure data security and integrity. Implement APIs for seamless communication between frontend and backend.",Bhutan
210204206384365,Software Engineer,Backend Developer,4 to 10 Years,MBA,"Proficiency in one or more backend programming languages (e.g., Java, Python, Node.js, Ruby) API development Database management (SQL or NoSQL) Server management and deployment Security best practices Knowledge of web frameworks (e.g., Express, Django)","A Backend Developer is tasked with building and maintaining the server-side logic and database infrastructure of web applications. They work on the core functionality, data storage, and server communication to ensure the application runs smoothly and efficiently.","Develop server-side logic and databases using programming languages like Java, Python, or Node.js. Ensure data security and integrity. Implement APIs for seamless communication between frontend and backend.",Guam
2181525637826277,Software Engineer,Backend Developer,0 to 10 Years,PhD,"Proficiency in one or more backend programming languages (e.g., Java, Python, Node.js, Ruby) API development Database management (SQL or NoSQL) Server management and deployment Security best practices Knowledge of web frameworks (e.g., Express, Django)","A Backend Developer is tasked with building and maintaining the server-side logic and database infrastructure of web applications. They work on the core functionality, data storage, and server communication to ensure the application runs smoothly and efficiently.","Develop server-side logic and databases using programming languages like Java, Python, or Node.js. Ensure data security and integrity. Implement APIs for seamless communication between frontend and backend.",New Zealand
2582344467705154,Software Engineer,Backend Developer,1 to 9 Years,BBA,"Proficiency in one or more backend programming languages (e.g., Java, Python, Node.js, Ruby) API development Database management (SQL or NoSQL) Server management and deployment Security best practices Knowledge of web frameworks (e.g., Express, Django)","A Backend Developer is tasked with building and maintaining the server-side logic and database infrastructure of web applications. They work on the core functionality, data storage, and server communication to ensure the application runs smoothly and efficiently.","Develop server-side logic and databases using programming languages like Java, Python, or Node.js. Ensure data security and integrity. Implement APIs for seamless communication between frontend and backend.",Slovenia
128069430662571,Software Engineer,Backend Developer,2 to 13 Years,M.Tech,"Proficiency in one or more backend programming languages (e.g., Java, Python, Node.js, Ruby) API development Database management (SQL or NoSQL) Server management and deployment Security best practices Knowledge of web frameworks (e.g., Express, Django)","A Backend Developer is tasked with building and maintaining the server-side logic and database infrastructure of web applications. They work on the core functionality, data storage, and server communication to ensure the application runs smoothly and efficiently.","Develop server-side logic and databases using programming languages like Java, Python, or Node.js. Ensure data security and integrity. Implement APIs for seamless communication between frontend and backend.",North Korea
1333024943743161,Software Engineer,Backend Developer,1 to 9 Years,MCA,"Proficiency in one or more backend programming languages (e.g., Java, Python, Node.js, Ruby) API development Database management (SQL or NoSQL) Server management and deployment Security best practices Knowledge of web frameworks (e.g., Express, Django)","A Backend Developer is tasked with building and maintaining the server-side logic and database infrastructure of web applications. They work on the core functionality, data storage, and server communication to ensure the application runs smoothly and efficiently.","Develop server-side logic and databases using programming languages like Java, Python, or Node.js. Ensure data security and integrity. Implement APIs for seamless communication between frontend and backend.",Zambia
1487874502327427,Software Engineer,Backend Developer,0 to 10 Years,M.Com,"Proficiency in one or more backend programming languages (e.g., Java, Python, Node.js, Ruby) API development Database management (SQL or NoSQL) Server management and deployment Security best practices Knowledge of web frameworks (e.g., Express, Django)","A Backend Developer is tasked with building and maintaining the server-side logic and database infrastructure of web applications. They work on the core functionality, data storage, and server communication to ensure the application runs smoothly and efficiently.","Develop server-side logic and databases using programming languages like Java, Python, or Node.js. Ensure data security and integrity. Implement APIs for seamless communication between frontend and backend.",Belgium
2514610590944160,Software Engineer,Backend Developer,4 to 15 Years,BA,"Proficiency in one or more backend programming languages (e.g., Java, Python, Node.js, Ruby) API development Database management (SQL or NoSQL) Server management and deployment Security best practices Knowledge of web frameworks (e.g., Express, Django)","A Backend Developer is tasked with building and maintaining the server-side logic and database infrastructure of web applications. They work on the core functionality, data storage, and server communication to ensure the application runs smoothly and efficiently.","Develop server-side logic and databases using programming languages like Java, Python, or Node.js. Ensure data security and integrity. Implement APIs for seamless communication between frontend and backend.",Portugal
2165924721485760,Software Engineer,Backend Developer,1 to 12 Years,BA,"Proficiency in one or more backend programming languages (e.g., Java, Python, Node.js, Ruby) API development Database management (SQL or NoSQL) Server management and deployment Security best practices Knowledge of web frameworks (e.g., Express, Django)","A Backend Developer is tasked with building and maintaining the server-side logic and database infrastructure of web applications. They work on the core functionality, data storage, and server communication to ensure the application runs smoothly and efficiently.","Develop server-side logic and databases using programming languages like Java, Python, or Node.js. Ensure data security and integrity. Implement APIs for seamless communication between frontend and backend.",Colombia
488336089639371,Software Engineer,Backend Developer,4 to 10 Years,BCA,"Proficiency in one or more backend programming languages (e.g., Java, Python, Node.js, Ruby) API development Database management (SQL or NoSQL) Server management and deployment Security best practices Knowledge of web frameworks (e.g., Express, Django)","A Backend Developer is tasked with building and maintaining the server-side logic and database infrastructure of web applications. They work on the core functionality, data storage, and server communication to ensure the application runs smoothly and efficiently.","Develop server-side logic and databases using programming languages like Java, Python, or Node.js. Ensure data security and integrity. Implement APIs for seamless communication between frontend and backend.",Liechtenstein
621381563618209,Software Engineer,Backend Developer,3 to 12 Years,BCA,"Proficiency in one or more backend programming languages (e.g., Java, Python, Node.js, Ruby) API development Database management (SQL or NoSQL) Server management and deployment Security best practices Knowledge of web frameworks (e.g., Express, Django)","A Backend Developer is tasked with building and maintaining the server-side logic and database infrastructure of web applications. They work on the core functionality, data storage, and server communication to ensure the application runs smoothly and efficiently.","Develop server-side logic and databases using programming languages like Java, Python, or Node.js. Ensure data security and integrity. Implement APIs for seamless communication between frontend and backend.",Antigua and Barbuda
2335231397310247,Software Engineer,Backend Developer,3 to 15 Years,MBA,"Proficiency in one or more backend programming languages (e.g., Java, Python, Node.js, Ruby) API development Database management (SQL or NoSQL) Server management and deployment Security best practices Knowledge of web frameworks (e.g., Express, Django)","A Backend Developer is tasked with building and maintaining the server-side logic and database infrastructure of web applications. They work on the core functionality, data storage, and server communication to ensure the application runs smoothly and efficiently.","Develop server-side logic and databases using programming languages like Java, Python, or Node.js. Ensure data security and integrity. Implement APIs for seamless communication between frontend and backend.",Mali
813627536995797,Software Engineer,Backend Developer,2 to 15 Years,BCA,"Proficiency in one or more backend programming languages (e.g., Java, Python, Node.js, Ruby) API development Database management (SQL or NoSQL) Server management and deployment Security best practices Knowledge of web frameworks (e.g., Express, Django)","A Backend Developer is tasked with building and maintaining the server-side logic and database infrastructure of web applications. They work on the core functionality, data storage, and server communication to ensure the application runs smoothly and efficiently.","Develop server-side logic and databases using programming languages like Java, Python, or Node.js. Ensure data security and integrity. Implement APIs for seamless communication between frontend and backend.",Central African Republic
105106346267761,Software Engineer,Backend Developer,3 to 13 Years,M.Tech,"Proficiency in one or more backend programming languages (e.g., Java, Python, Node.js, Ruby) API development Database management (SQL or NoSQL) Server management and deployment Security best practices Knowledge of web frameworks (e.g., Express, Django)","A Backend Developer is tasked with building and maintaining the server-side logic and database infrastructure of web applications. They work on the core functionality, data storage, and server communication to ensure the application runs smoothly and efficiently.","Develop server-side logic and databases using programming languages like Java, Python, or Node.js. Ensure data security and integrity. Implement APIs for seamless communication between frontend and backend.",Eswatini
1310388117662636,Software Engineer,Backend Developer,3 to 9 Years,B.Com,"Proficiency in one or more backend programming languages (e.g., Java, Python, Node.js, Ruby) API development Database management (SQL or NoSQL) Server management and deployment Security best practices Knowledge of web frameworks (e.g., Express, Django)","A Backend Developer is tasked with building and maintaining the server-side logic and database infrastructure of web applications. They work on the core functionality, data storage, and server communication to ensure the application runs smoothly and efficiently.","Develop server-side logic and databases using programming languages like Java, Python, or Node.js. Ensure data security and integrity. Implement APIs for seamless communication between frontend and backend.",Belgium
1933469993443062,Software Engineer,Backend Developer,0 to 14 Years,BA,"Proficiency in one or more backend programming languages (e.g., Java, Python, Node.js, Ruby) API development Database management (SQL or NoSQL) Server management and deployment Security best practices Knowledge of web frameworks (e.g., Express, Django)","A Backend Developer is tasked with building and maintaining the server-side logic and database infrastructure of web applications. They work on the core functionality, data storage, and server communication to ensure the application runs smoothly and efficiently.","Develop server-side logic and databases using programming languages like Java, Python, or Node.js. Ensure data security and integrity. Implement APIs for seamless communication between frontend and backend.",Georgia
1233126309991322,Software Engineer,Backend Developer,4 to 14 Years,MBA,"Proficiency in one or more backend programming languages (e.g., Java, Python, Node.js, Ruby) API development Database management (SQL or NoSQL) Server management and deployment Security best practices Knowledge of web frameworks (e.g., Express, Django)","A Backend Developer is tasked with building and maintaining the server-side logic and database infrastructure of web applications. They work on the core functionality, data storage, and server communication to ensure the application runs smoothly and efficiently.","Develop server-side logic and databases using programming languages like Java, Python, or Node.js. Ensure data security and integrity. Implement APIs for seamless communication between frontend and backend.",Slovak Republic
1148957070279521,Software Engineer,Backend Developer,3 to 11 Years,MCA,"Proficiency in one or more backend programming languages (e.g., Java, Python, Node.js, Ruby) API development Database management (SQL or NoSQL) Server management and deployment Security best practices Knowledge of web frameworks (e.g., Express, Django)","A Backend Developer is tasked with building and maintaining the server-side logic and database infrastructure of web applications. They work on the core functionality, data storage, and server communication to ensure the application runs smoothly and efficiently.","Develop server-side logic and databases using programming languages like Java, Python, or Node.js. Ensure data security and integrity. Implement APIs for seamless communication between frontend and backend.",Panama
3004991050290137,Software Engineer,Backend Developer,2 to 14 Years,BBA,"Proficiency in one or more backend programming languages (e.g., Java, Python, Node.js, Ruby) API development Database management (SQL or NoSQL) Server management and deployment Security best practices Knowledge of web frameworks (e.g., Express, Django)","A Backend Developer is tasked with building and maintaining the server-side logic and database infrastructure of web applications. They work on the core functionality, data storage, and server communication to ensure the application runs smoothly and efficiently.","Develop server-side logic and databases using programming languages like Java, Python, or Node.js. Ensure data security and integrity. Implement APIs for seamless communication between frontend and backend.",Kazakhstan
1264780927315405,Software Engineer,Backend Developer,4 to 15 Years,BCA,"Proficiency in one or more backend programming languages (e.g., Java, Python, Node.js, Ruby) API development Database management (SQL or NoSQL) Server management and deployment Security best practices Knowledge of web frameworks (e.g., Express, Django)","A Backend Developer is tasked with building and maintaining the server-side logic and database infrastructure of web applications. They work on the core functionality, data storage, and server communication to ensure the application runs smoothly and efficiently.","Develop server-side logic and databases using programming languages like Java, Python, or Node.js. Ensure data security and integrity. Implement APIs for seamless communication between frontend and backend.",Lebanon
2419716344293200,Software Engineer,Backend Developer,1 to 8 Years,B.Tech,"Proficiency in one or more backend programming languages (e.g., Java, Python, Node.js, Ruby) API development Database management (SQL or NoSQL) Server management and deployment Security best practices Knowledge of web frameworks (e.g., Express, Django)","A Backend Developer is tasked with building and maintaining the server-side logic and database infrastructure of web applications. They work on the core functionality, data storage, and server communication to ensure the application runs smoothly and efficiently.","Develop server-side logic and databases using programming languages like Java, Python, or Node.js. Ensure data security and integrity. Implement APIs for seamless communication between frontend and backend.",Tajikistan
399582320674624,Software Engineer,Backend Developer,4 to 15 Years,BA,"Proficiency in one or more backend programming languages (e.g., Java, Python, Node.js, Ruby) API development Database management (SQL or NoSQL) Server management and deployment Security best practices Knowledge of web frameworks (e.g., Express, Django)","A Backend Developer is tasked with building and maintaining the server-side logic and database infrastructure of web applications. They work on the core functionality, data storage, and server communication to ensure the application runs smoothly and efficiently.","Develop server-side logic and databases using programming languages like Java, Python, or Node.js. Ensure data security and integrity. Implement APIs for seamless communication between frontend and backend.",Botswana
2373533585992582,Marketing Analyst,Data Analyst,3 to 12 Years,BCA,"Data analysis tools (e.g., SQL, Python) Data visualization tools (e.g., Tableau, Power BI) Statistical analysis Data cleansing and transformation Data modeling Communication of data insights Problem-solving Attention to detail Business acumen","Analyze data sets, generate insights, and provide data-driven recommendations to inform business decisions.",Analyze marketing data to measure campaign performance and ROI. Provide insights for marketing strategy adjustments. Create data visualizations and dashboards.,Zimbabwe
536433023688673,Marketing Analyst,Data Analyst,3 to 11 Years,BCA,"Data analysis tools (e.g., SQL, Python) Data visualization tools (e.g., Tableau, Power BI) Statistical analysis Data cleansing and transformation Data modeling Communication of data insights Problem-solving Attention to detail Business acumen","Analyze data sets, generate insights, and provide data-driven recommendations to inform business decisions.",Analyze marketing data to measure campaign performance and ROI. Provide insights for marketing strategy adjustments. Create data visualizations and dashboards.,Bhutan
271854740005053,Marketing Analyst,Data Analyst,4 to 12 Years,BCA,"Data analysis tools (e.g., SQL, Python) Data visualization tools (e.g., Tableau, Power BI) Statistical analysis Data cleansing and transformation Data modeling Communication of data insights Problem-solving Attention to detail Business acumen","Analyze data sets, generate insights, and provide data-driven recommendations to inform business decisions.",Analyze marketing data to measure campaign performance and ROI. Provide insights for marketing strategy adjustments. Create data visualizations and dashboards.,Norway
2199406296740330,Marketing Analyst,Data Analyst,3 to 10 Years,PhD,"Data analysis tools (e.g., SQL, Python) Data visualization tools (e.g., Tableau, Power BI) Statistical analysis Data cleansing and transformation Data modeling Communication of data insights Problem-solving Attention to detail Business acumen","Analyze data sets, generate insights, and provide data-driven recommendations to inform business decisions.",Analyze marketing data to measure campaign performance and ROI. Provide insights for marketing strategy adjustments. Create data visualizations and dashboards.,Norway
462522457394307,Marketing Analyst,Data Analyst,4 to 13 Years,PhD,"Data analysis tools (e.g., SQL, Python) Data visualization tools (e.g., Tableau, Power BI) Statistical analysis Data cleansing and transformation Data modeling Communication of data insights Problem-solving Attention to detail Business acumen","Analyze data sets, generate insights, and provide data-driven recommendations to inform business decisions.",Analyze marketing data to measure campaign performance and ROI. Provide insights for marketing strategy adjustments. Create data visualizations and dashboards.,St. Lucia
1103726910085948,Marketing Analyst,Data Analyst,2 to 11 Years,PhD,"Data analysis tools (e.g., SQL, Python) Data visualization tools (e.g., Tableau, Power BI) Statistical analysis Data cleansing and transformation Data modeling Communication of data insights Problem-solving Attention to detail Business acumen","Analyze data sets, generate insights, and provide data-driven recommendations to inform business decisions.",Analyze marketing data to measure campaign performance and ROI. Provide insights for marketing strategy adjustments. Create data visualizations and dashboards.,Senegal
1309216431279997,Marketing Analyst,Data Analyst,3 to 10 Years,MBA,"Data analysis tools (e.g., SQL, Python) Data visualization tools (e.g., Tableau, Power BI) Statistical analysis Data cleansing and transformation Data modeling Communication of data insights Problem-solving Attention to detail Business acumen","Analyze data sets, generate insights, and provide data-driven recommendations to inform business decisions.",Analyze marketing data to measure campaign performance and ROI. Provide insights for marketing strategy adjustments. Create data visualizations and dashboards.,Seychelles
900652869838926,Marketing Analyst,Data Analyst,4 to 12 Years,M.Com,"Data analysis tools (e.g., SQL, Python) Data visualization tools (e.g., Tableau, Power BI) Statistical analysis Data cleansing and transformation Data modeling Communication of data insights Problem-solving Attention to detail Business acumen","Analyze data sets, generate insights, and provide data-driven recommendations to inform business decisions.",Analyze marketing data to measure campaign performance and ROI. Provide insights for marketing strategy adjustments. Create data visualizations and dashboards.,Madagascar
1437620600555347,Marketing Analyst,Data Analyst,1 to 12 Years,B.Com,"Data analysis tools (e.g., SQL, Python) Data visualization tools (e.g., Tableau, Power BI) Statistical analysis Data cleansing and transformation Data modeling Communication of data insights Problem-solving Attention to detail Business acumen","Analyze data sets, generate insights, and provide data-driven recommendations to inform business decisions.",Analyze marketing data to measure campaign performance and ROI. Provide insights for marketing strategy adjustments. Create data visualizations and dashboards.,Turks and Caicos Islands
811253311086624,Marketing Analyst,Data Analyst,5 to 11 Years,BBA,"Data analysis tools (e.g., SQL, Python) Data visualization tools (e.g., Tableau, Power BI) Statistical analysis Data cleansing and transformation Data modeling Communication of data insights Problem-solving Attention to detail Business acumen","Analyze data sets, generate insights, and provide data-driven recommendations to inform business decisions.",Analyze marketing data to measure campaign performance and ROI. Provide insights for marketing strategy adjustments. Create data visualizations and dashboards.,Tajikistan
716475214266010,Marketing Analyst,Data Analyst,5 to 12 Years,MBA,"Data analysis tools (e.g., SQL, Python) Data visualization tools (e.g., Tableau, Power BI) Statistical analysis Data cleansing and transformation Data modeling Communication of data insights Problem-solving Attention to detail Business acumen","Analyze data sets, generate insights, and provide data-driven recommendations to inform business decisions.",Analyze marketing data to measure campaign performance and ROI. Provide insights for marketing strategy adjustments. Create data visualizations and dashboards.,Nicaragua
427077617161354,Marketing Analyst,Data Analyst,0 to 8 Years,BCA,"Data analysis tools (e.g., SQL, Python) Data visualization tools (e.g., Tableau, Power BI) Statistical analysis Data cleansing and transformation Data modeling Communication of data insights Problem-solving Attention to detail Business acumen","Analyze data sets, generate insights, and provide data-driven recommendations to inform business decisions.",Analyze marketing data to measure campaign performance and ROI. Provide insights for marketing strategy adjustments. Create data visualizations and dashboards.,Uganda
730423911699502,Marketing Analyst,Data Analyst,5 to 14 Years,B.Com,"Data analysis tools (e.g., SQL, Python) Data visualization tools (e.g., Tableau, Power BI) Statistical analysis Data cleansing and transformation Data modeling Communication of data insights Problem-solving Attention to detail Business acumen","Analyze data sets, generate insights, and provide data-driven recommendations to inform business decisions.",Analyze marketing data to measure campaign performance and ROI. Provide insights for marketing strategy adjustments. Create data visualizations and dashboards.,"Korea, Rep."
2922997902891559,Marketing Analyst,Data Analyst,1 to 10 Years,MBA,"Data analysis tools (e.g., SQL, Python) Data visualization tools (e.g., Tableau, Power BI) Statistical analysis Data cleansing and transformation Data modeling Communication of data insights Problem-solving Attention to detail Business acumen","Analyze data sets, generate insights, and provide data-driven recommendations to inform business decisions.",Analyze marketing data to measure campaign performance and ROI. Provide insights for marketing strategy adjustments. Create data visualizations and dashboards.,Jordan
678959905208810,Marketing Analyst,Data Analyst,0 to 15 Years,MCA,"Data analysis tools (e.g., SQL, Python) Data visualization tools (e.g., Tableau, Power BI) Statistical analysis Data cleansing and transformation Data modeling Communication of data insights Problem-solving Attention to detail Business acumen","Analyze data sets, generate insights, and provide data-driven recommendations to inform business decisions.",Analyze marketing data to measure campaign performance and ROI. Provide insights for marketing strategy adjustments. Create data visualizations and dashboards.,India
2501622640880719,Marketing Analyst,Data Analyst,4 to 12 Years,MCA,"Data analysis tools (e.g., SQL, Python) Data visualization tools (e.g., Tableau, Power BI) Statistical analysis Data cleansing and transformation Data modeling Communication of data insights Problem-solving Attention to detail Business acumen","Analyze data sets, generate insights, and provide data-driven recommendations to inform business decisions.",Analyze marketing data to measure campaign performance and ROI. Provide insights for marketing strategy adjustments. Create data visualizations and dashboards.,Namibia
496688249242334,Marketing Analyst,Data Analyst,5 to 13 Years,BA,"Data analysis tools (e.g., SQL, Python) Data visualization tools (e.g., Tableau, Power BI) Statistical analysis Data cleansing and transformation Data modeling Communication of data insights Problem-solving Attention to detail Business acumen","Analyze data sets, generate insights, and provide data-driven recommendations to inform business decisions.",Analyze marketing data to measure campaign performance and ROI. Provide insights for marketing strategy adjustments. Create data visualizations and dashboards.,Belgium
624908886481174,Marketing Analyst,Data Analyst,0 to 9 Years,PhD,"Data analysis tools (e.g., SQL, Python) Data visualization tools (e.g., Tableau, Power BI) Statistical analysis Data cleansing and transformation Data modeling Communication of data insights Problem-solving Attention to detail Business acumen","Analyze data sets, generate insights, and provide data-driven recommendations to inform business decisions.",Analyze marketing data to measure campaign performance and ROI. Provide insights for marketing strategy adjustments. Create data visualizations and dashboards.,Algeria
1593235147675265,Marketing Analyst,Data Analyst,3 to 8 Years,BCA,"Data analysis tools (e.g., SQL, Python) Data visualization tools (e.g., Tableau, Power BI) Statistical analysis Data cleansing and transformation Data modeling Communication of data insights Problem-solving Attention to detail Business acumen","Analyze data sets, generate insights, and provide data-driven recommendations to inform business decisions.",Analyze marketing data to measure campaign performance and ROI. Provide insights for marketing strategy adjustments. Create data visualizations and dashboards.,El Salvador
188566747113977,Marketing Analyst,Data Analyst,0 to 8 Years,BCA,"Data analysis tools (e.g., SQL, Python) Data visualization tools (e.g., Tableau, Power BI) Statistical analysis Data cleansing and transformation Data modeling Communication of data insights Problem-solving Attention to detail Business acumen","Analyze data sets, generate insights, and provide data-driven recommendations to inform business decisions.",Analyze marketing data to measure campaign performance and ROI. Provide insights for marketing strategy adjustments. Create data visualizations and dashboards.,Republic Of Congo
2954310265174860,Marketing Analyst,Data Analyst,4 to 12 Years,M.Com,"Data analysis tools (e.g., SQL, Python) Data visualization tools (e.g., Tableau, Power BI) Statistical analysis Data cleansing and transformation Data modeling Communication of data insights Problem-solving Attention to detail Business acumen","Analyze data sets, generate insights, and provide data-driven recommendations to inform business decisions.",Analyze marketing data to measure campaign performance and ROI. Provide insights for marketing strategy adjustments. Create data visualizations and dashboards.,Mauritania
257526965481355,Marketing Analyst,Data Analyst,0 to 12 Years,M.Com,"Data analysis tools (e.g., SQL, Python) Data visualization tools (e.g., Tableau, Power BI) Statistical analysis Data cleansing and transformation Data modeling Communication of data insights Problem-solving Attention to detail Business acumen","Analyze data sets, generate insights, and provide data-driven recommendations to inform business decisions.",Analyze marketing data to measure campaign performance and ROI. Provide insights for marketing strategy adjustments. Create data visualizations and dashboards.,Malawi
1414573774042854,Marketing Analyst,Data Analyst,5 to 11 Years,B.Tech,"Data analysis tools (e.g., SQL, Python) Data visualization tools (e.g., Tableau, Power BI) Statistical analysis Data cleansing and transformation Data modeling Communication of data insights Problem-solving Attention to detail Business acumen","Analyze data sets, generate insights, and provide data-driven recommendations to inform business decisions.",Analyze marketing data to measure campaign performance and ROI. Provide insights for marketing strategy adjustments. Create data visualizations and dashboards.,Malawi
1230676165487424,Marketing Analyst,Data Analyst,1 to 12 Years,MBA,"Data analysis tools (e.g., SQL, Python) Data visualization tools (e.g., Tableau, Power BI) Statistical analysis Data cleansing and transformation Data modeling Communication of data insights Problem-solving Attention to detail Business acumen","Analyze data sets, generate insights, and provide data-driven recommendations to inform business decisions.",Analyze marketing data to measure campaign performance and ROI. Provide insights for marketing strategy adjustments. Create data visualizations and dashboards.,Greenland
740271085052220,Marketing Analyst,Data Analyst,5 to 8 Years,MBA,"Data analysis tools (e.g., SQL, Python) Data visualization tools (e.g., Tableau, Power BI) Statistical analysis Data cleansing and transformation Data modeling Communication of data insights Problem-solving Attention to detail Business acumen","Analyze data sets, generate insights, and provide data-driven recommendations to inform business decisions.",Analyze marketing data to measure campaign performance and ROI. Provide insights for marketing strategy adjustments. Create data visualizations and dashboards.,Kazakhstan
850861804302231,Marketing Analyst,Data Analyst,4 to 8 Years,BCA,"Data analysis tools (e.g., SQL, Python) Data visualization tools (e.g., Tableau, Power BI) Statistical analysis Data cleansing and transformation Data modeling Communication of data insights Problem-solving Attention to detail Business acumen","Analyze data sets, generate insights, and provide data-driven recommendations to inform business decisions.",Analyze marketing data to measure campaign performance and ROI. Provide insights for marketing strategy adjustments. Create data visualizations and dashboards.,UK
594629694934900,Marketing Analyst,Data Analyst,0 to 15 Years,BCA,"Data analysis tools (e.g., SQL, Python) Data visualization tools (e.g., Tableau, Power BI) Statistical analysis Data cleansing and transformation Data modeling Communication of data insights Problem-solving Attention to detail Business acumen","Analyze data sets, generate insights, and provide data-driven recommendations to inform business decisions.",Analyze marketing data to measure campaign performance and ROI. Provide insights for marketing strategy adjustments. Create data visualizations and dashboards.,Guinea-Bissau
1539114860763562,Marketing Analyst,Data Analyst,2 to 15 Years,M.Tech,"Data analysis tools (e.g., SQL, Python) Data visualization tools (e.g., Tableau, Power BI) Statistical analysis Data cleansing and transformation Data modeling Communication of data insights Problem-solving Attention to detail Business acumen","Analyze data sets, generate insights, and provide data-driven recommendations to inform business decisions.",Analyze marketing data to measure campaign performance and ROI. Provide insights for marketing strategy adjustments. Create data visualizations and dashboards.,Mauritania
2691913163325103,Marketing Analyst,Data Analyst,4 to 13 Years,BCA,"Data analysis tools (e.g., SQL, Python) Data visualization tools (e.g., Tableau, Power BI) Statistical analysis Data cleansing and transformation Data modeling Communication of data insights Problem-solving Attention to detail Business acumen","Analyze data sets, generate insights, and provide data-driven recommendations to inform business decisions.",Analyze marketing data to measure campaign performance and ROI. Provide insights for marketing strategy adjustments. Create data visualizations and dashboards.,Benin
2658651161815081,Marketing Analyst,Data Analyst,2 to 14 Years,M.Tech,"Data analysis tools (e.g., SQL, Python) Data visualization tools (e.g., Tableau, Power BI) Statistical analysis Data cleansing and transformation Data modeling Communication of data insights Problem-solving Attention to detail Business acumen","Analyze data sets, generate insights, and provide data-driven recommendations to inform business decisions.",Analyze marketing data to measure campaign performance and ROI. Provide insights for marketing strategy adjustments. Create data visualizations and dashboards.,Benin
51130306022998,Marketing Analyst,Data Analyst,0 to 10 Years,BCA,"Data analysis tools (e.g., SQL, Python) Data visualization tools (e.g., Tableau, Power BI) Statistical analysis Data cleansing and transformation Data modeling Communication of data insights Problem-solving Attention to detail Business acumen","Analyze data sets, generate insights, and provide data-driven recommendations to inform business decisions.",Analyze marketing data to measure campaign performance and ROI. Provide insights for marketing strategy adjustments. Create data visualizations and dashboards.,Botswana
2723732613809393,Marketing Analyst,Data Analyst,5 to 14 Years,BBA,"Data analysis tools (e.g., SQL, Python) Data visualization tools (e.g., Tableau, Power BI) Statistical analysis Data cleansing and transformation Data modeling Communication of data insights Problem-solving Attention to detail Business acumen","Analyze data sets, generate insights, and provide data-driven recommendations to inform business decisions.",Analyze marketing data to measure campaign performance and ROI. Provide insights for marketing strategy adjustments. Create data visualizations and dashboards.,Central African Republic
1609393336075361,Marketing Analyst,Data Analyst,4 to 11 Years,B.Com,"Data analysis tools (e.g., SQL, Python) Data visualization tools (e.g., Tableau, Power BI) Statistical analysis Data cleansing and transformation Data modeling Communication of data insights Problem-solving Attention to detail Business acumen","Analyze data sets, generate insights, and provide data-driven recommendations to inform business decisions.",Analyze marketing data to measure campaign performance and ROI. Provide insights for marketing strategy adjustments. Create data visualizations and dashboards.,India
224683420421015,Marketing Analyst,Data Analyst,5 to 14 Years,BBA,"Data analysis tools (e.g., SQL, Python) Data visualization tools (e.g., Tableau, Power BI) Statistical analysis Data cleansing and transformation Data modeling Communication of data insights Problem-solving Attention to detail Business acumen","Analyze data sets, generate insights, and provide data-driven recommendations to inform business decisions.",Analyze marketing data to measure campaign performance and ROI. Provide insights for marketing strategy adjustments. Create data visualizations and dashboards.,Cabo Verde
2719135803821284,Marketing Analyst,Data Analyst,2 to 8 Years,PhD,"Data analysis tools (e.g., SQL, Python) Data visualization tools (e.g., Tableau, Power BI) Statistical analysis Data cleansing and transformation Data modeling Communication of data insights Problem-solving Attention to detail Business acumen","Analyze data sets, generate insights, and provide data-driven recommendations to inform business decisions.",Analyze marketing data to measure campaign performance and ROI. Provide insights for marketing strategy adjustments. Create data visualizations and dashboards.,Bhutan
377852483313122,Marketing Analyst,Data Analyst,3 to 14 Years,MCA,"Data analysis tools (e.g., SQL, Python) Data visualization tools (e.g., Tableau, Power BI) Statistical analysis Data cleansing and transformation Data modeling Communication of data insights Problem-solving Attention to detail Business acumen","Analyze data sets, generate insights, and provide data-driven recommendations to inform business decisions.",Analyze marketing data to measure campaign performance and ROI. Provide insights for marketing strategy adjustments. Create data visualizations and dashboards.,Luxembourg
525726421131073,Marketing Analyst,Data Analyst,1 to 14 Years,BA,"Data analysis tools (e.g., SQL, Python) Data visualization tools (e.g., Tableau, Power BI) Statistical analysis Data cleansing and transformation Data modeling Communication of data insights Problem-solving Attention to detail Business acumen","Analyze data sets, generate insights, and provide data-driven recommendations to inform business decisions.",Analyze marketing data to measure campaign performance and ROI. Provide insights for marketing strategy adjustments. Create data visualizations and dashboards.,Uganda
3044164324366915,Marketing Analyst,Data Analyst,3 to 12 Years,MCA,"Data analysis tools (e.g., SQL, Python) Data visualization tools (e.g., Tableau, Power BI) Statistical analysis Data cleansing and transformation Data modeling Communication of data insights Problem-solving Attention to detail Business acumen","Analyze data sets, generate insights, and provide data-driven recommendations to inform business decisions.",Analyze marketing data to measure campaign performance and ROI. Provide insights for marketing strategy adjustments. Create data visualizations and dashboards.,Guyana
622324549097893,Marketing Analyst,Data Analyst,2 to 13 Years,M.Tech,"Data analysis tools (e.g., SQL, Python) Data visualization tools (e.g., Tableau, Power BI) Statistical analysis Data cleansing and transformation Data modeling Communication of data insights Problem-solving Attention to detail Business acumen","Analyze data sets, generate insights, and provide data-driven recommendations to inform business decisions.",Analyze marketing data to measure campaign performance and ROI. Provide insights for marketing strategy adjustments. Create data visualizations and dashboards.,USA
216416391231803,Marketing Analyst,Data Analyst,4 to 12 Years,PhD,"Data analysis tools (e.g., SQL, Python) Data visualization tools (e.g., Tableau, Power BI) Statistical analysis Data cleansing and transformation Data modeling Communication of data insights Problem-solving Attention to detail Business acumen","Analyze data sets, generate insights, and provide data-driven recommendations to inform business decisions.",Analyze marketing data to measure campaign performance and ROI. Provide insights for marketing strategy adjustments. Create data visualizations and dashboards.,Italy
2268466629469839,Marketing Analyst,Data Analyst,3 to 14 Years,M.Com,"Data analysis tools (e.g., SQL, Python) Data visualization tools (e.g., Tableau, Power BI) Statistical analysis Data cleansing and transformation Data modeling Communication of data insights Problem-solving Attention to detail Business acumen","Analyze data sets, generate insights, and provide data-driven recommendations to inform business decisions.",Analyze marketing data to measure campaign performance and ROI. Provide insights for marketing strategy adjustments. Create data visualizations and dashboards.,Mali
2382181495854679,Marketing Analyst,Data Analyst,5 to 9 Years,PhD,"Data analysis tools (e.g., SQL, Python) Data visualization tools (e.g., Tableau, Power BI) Statistical analysis Data cleansing and transformation Data modeling Communication of data insights Problem-solving Attention to detail Business acumen","Analyze data sets, generate insights, and provide data-driven recommendations to inform business decisions.",Analyze marketing data to measure campaign performance and ROI. Provide insights for marketing strategy adjustments. Create data visualizations and dashboards.,Niger
2772040605014796,Marketing Analyst,Data Analyst,5 to 12 Years,B.Com,"Data analysis tools (e.g., SQL, Python) Data visualization tools (e.g., Tableau, Power BI) Statistical analysis Data cleansing and transformation Data modeling Communication of data insights Problem-solving Attention to detail Business acumen","Analyze data sets, generate insights, and provide data-driven recommendations to inform business decisions.",Analyze marketing data to measure campaign performance and ROI. Provide insights for marketing strategy adjustments. Create data visualizations and dashboards.,Guatemala
1056690223096069,Marketing Analyst,Data Analyst,0 to 13 Years,B.Com,"Data analysis tools (e.g., SQL, Python) Data visualization tools (e.g., Tableau, Power BI) Statistical analysis Data cleansing and transformation Data modeling Communication of data insights Problem-solving Attention to detail Business acumen","Analyze data sets, generate insights, and provide data-driven recommendations to inform business decisions.",Analyze marketing data to measure campaign performance and ROI. Provide insights for marketing strategy adjustments. Create data visualizations and dashboards.,Namibia
568385330556128,Marketing Analyst,Data Analyst,0 to 13 Years,B.Tech,"Data analysis tools (e.g., SQL, Python) Data visualization tools (e.g., Tableau, Power BI) Statistical analysis Data cleansing and transformation Data modeling Communication of data insights Problem-solving Attention to detail Business acumen","Analyze data sets, generate insights, and provide data-driven recommendations to inform business decisions.",Analyze marketing data to measure campaign performance and ROI. Provide insights for marketing strategy adjustments. Create data visualizations and dashboards.,Cameroon
1121605823225831,Marketing Analyst,Data Analyst,2 to 12 Years,BBA,"Data analysis tools (e.g., SQL, Python) Data visualization tools (e.g., Tableau, Power BI) Statistical analysis Data cleansing and transformation Data modeling Communication of data insights Problem-solving Attention to detail Business acumen","Analyze data sets, generate insights, and provide data-driven recommendations to inform business decisions.",Analyze marketing data to measure campaign performance and ROI. Provide insights for marketing strategy adjustments. Create data visualizations and dashboards.,USA
2468251759734792,Marketing Analyst,Data Analyst,0 to 14 Years,M.Com,"Data analysis tools (e.g., SQL, Python) Data visualization tools (e.g., Tableau, Power BI) Statistical analysis Data cleansing and transformation Data modeling Communication of data insights Problem-solving Attention to detail Business acumen","Analyze data sets, generate insights, and provide data-driven recommendations to inform business decisions.",Analyze marketing data to measure campaign performance and ROI. Provide insights for marketing strategy adjustments. Create data visualizations and dashboards.,Switzerland
2893728277588830,Marketing Analyst,Data Analyst,4 to 11 Years,BBA,"Data analysis tools (e.g., SQL, Python) Data visualization tools (e.g., Tableau, Power BI) Statistical analysis Data cleansing and transformation Data modeling Communication of data insights Problem-solving Attention to detail Business acumen","Analyze data sets, generate insights, and provide data-driven recommendations to inform business decisions.",Analyze marketing data to measure campaign performance and ROI. Provide insights for marketing strategy adjustments. Create data visualizations and dashboards.,Andorra
2253530379821126,Marketing Analyst,Data Analyst,5 to 12 Years,B.Tech,"Data analysis tools (e.g., SQL, Python) Data visualization tools (e.g., Tableau, Power BI) Statistical analysis Data cleansing and transformation Data modeling Communication of data insights Problem-solving Attention to detail Business acumen","Analyze data sets, generate insights, and provide data-driven recommendations to inform business decisions.",Analyze marketing data to measure campaign performance and ROI. Provide insights for marketing strategy adjustments. Create data visualizations and dashboards.,Suriname
2041927779493048,Marketing Analyst,Data Analyst,2 to 14 Years,MCA,"Data analysis tools (e.g., SQL, Python) Data visualization tools (e.g., Tableau, Power BI) Statistical analysis Data cleansing and transformation Data modeling Communication of data insights Problem-solving Attention to detail Business acumen","Analyze data sets, generate insights, and provide data-driven recommendations to inform business decisions.",Analyze marketing data to measure campaign performance and ROI. Provide insights for marketing strategy adjustments. Create data visualizations and dashboards.,Mauritania
868188914628561,Marketing Analyst,Data Analyst,3 to 10 Years,MBA,"Data analysis tools (e.g., SQL, Python) Data visualization tools (e.g., Tableau, Power BI) Statistical analysis Data cleansing and transformation Data modeling Communication of data insights Problem-solving Attention to detail Business acumen","Analyze data sets, generate insights, and provide data-driven recommendations to inform business decisions.",Analyze marketing data to measure campaign performance and ROI. Provide insights for marketing strategy adjustments. Create data visualizations and dashboards.,Togo
1231566703670389,Marketing Analyst,Data Analyst,0 to 9 Years,M.Com,"Data analysis tools (e.g., SQL, Python) Data visualization tools (e.g., Tableau, Power BI) Statistical analysis Data cleansing and transformation Data modeling Communication of data insights Problem-solving Attention to detail Business acumen","Analyze data sets, generate insights, and provide data-driven recommendations to inform business decisions.",Analyze marketing data to measure campaign performance and ROI. Provide insights for marketing strategy adjustments. Create data visualizations and dashboards.,Pakistan
2844856721005404,Marketing Analyst,Data Analyst,2 to 13 Years,BCA,"Data analysis tools (e.g., SQL, Python) Data visualization tools (e.g., Tableau, Power BI) Statistical analysis Data cleansing and transformation Data modeling Communication of data insights Problem-solving Attention to detail Business acumen","Analyze data sets, generate insights, and provide data-driven recommendations to inform business decisions.",Analyze marketing data to measure campaign performance and ROI. Provide insights for marketing strategy adjustments. Create data visualizations and dashboards.,Dominica
2074317057778503,Marketing Analyst,Data Analyst,2 to 11 Years,M.Tech,"Data analysis tools (e.g., SQL, Python) Data visualization tools (e.g., Tableau, Power BI) Statistical analysis Data cleansing and transformation Data modeling Communication of data insights Problem-solving Attention to detail Business acumen","Analyze data sets, generate insights, and provide data-driven recommendations to inform business decisions.",Analyze marketing data to measure campaign performance and ROI. Provide insights for marketing strategy adjustments. Create data visualizations and dashboards.,Central African Republic
1276488908804750,Marketing Analyst,Data Analyst,1 to 15 Years,BCA,"Data analysis tools (e.g., SQL, Python) Data visualization tools (e.g., Tableau, Power BI) Statistical analysis Data cleansing and transformation Data modeling Communication of data insights Problem-solving Attention to detail Business acumen","Analyze data sets, generate insights, and provide data-driven recommendations to inform business decisions.",Analyze marketing data to measure campaign performance and ROI. Provide insights for marketing strategy adjustments. Create data visualizations and dashboards.,Saudi Arabia
1172361510316186,Marketing Analyst,Data Analyst,2 to 8 Years,MCA,"Data analysis tools (e.g., SQL, Python) Data visualization tools (e.g., Tableau, Power BI) Statistical analysis Data cleansing and transformation Data modeling Communication of data insights Problem-solving Attention to detail Business acumen","Analyze data sets, generate insights, and provide data-driven recommendations to inform business decisions.",Analyze marketing data to measure campaign performance and ROI. Provide insights for marketing strategy adjustments. Create data visualizations and dashboards.,St. Kitts and Nevis
2851041344299575,Marketing Analyst,Data Analyst,3 to 14 Years,M.Tech,"Data analysis tools (e.g., SQL, Python) Data visualization tools (e.g., Tableau, Power BI) Statistical analysis Data cleansing and transformation Data modeling Communication of data insights Problem-solving Attention to detail Business acumen","Analyze data sets, generate insights, and provide data-driven recommendations to inform business decisions.",Analyze marketing data to measure campaign performance and ROI. Provide insights for marketing strategy adjustments. Create data visualizations and dashboards.,Belgium
533034173323808,Marketing Analyst,Data Analyst,5 to 11 Years,MCA,"Data analysis tools (e.g., SQL, Python) Data visualization tools (e.g., Tableau, Power BI) Statistical analysis Data cleansing and transformation Data modeling Communication of data insights Problem-solving Attention to detail Business acumen","Analyze data sets, generate insights, and provide data-driven recommendations to inform business decisions.",Analyze marketing data to measure campaign performance and ROI. Provide insights for marketing strategy adjustments. Create data visualizations and dashboards.,Malawi
1059126789851796,Marketing Analyst,Data Analyst,2 to 11 Years,M.Tech,"Data analysis tools (e.g., SQL, Python) Data visualization tools (e.g., Tableau, Power BI) Statistical analysis Data cleansing and transformation Data modeling Communication of data insights Problem-solving Attention to detail Business acumen","Analyze data sets, generate insights, and provide data-driven recommendations to inform business decisions.",Analyze marketing data to measure campaign performance and ROI. Provide insights for marketing strategy adjustments. Create data visualizations and dashboards.,Turkey
950183554544813,Marketing Analyst,Data Analyst,5 to 13 Years,MCA,"Data analysis tools (e.g., SQL, Python) Data visualization tools (e.g., Tableau, Power BI) Statistical analysis Data cleansing and transformation Data modeling Communication of data insights Problem-solving Attention to detail Business acumen","Analyze data sets, generate insights, and provide data-driven recommendations to inform business decisions.",Analyze marketing data to measure campaign performance and ROI. Provide insights for marketing strategy adjustments. Create data visualizations and dashboards.,St. Martin (French part)
1240726588367191,Marketing Analyst,Data Analyst,2 to 15 Years,B.Com,"Data analysis tools (e.g., SQL, Python) Data visualization tools (e.g., Tableau, Power BI) Statistical analysis Data cleansing and transformation Data modeling Communication of data insights Problem-solving Attention to detail Business acumen","Analyze data sets, generate insights, and provide data-driven recommendations to inform business decisions.",Analyze marketing data to measure campaign performance and ROI. Provide insights for marketing strategy adjustments. Create data visualizations and dashboards.,Tonga
1650655560221195,Marketing Analyst,Data Analyst,4 to 14 Years,M.Tech,"Data analysis tools (e.g., SQL, Python) Data visualization tools (e.g., Tableau, Power BI) Statistical analysis Data cleansing and transformation Data modeling Communication of data insights Problem-solving Attention to detail Business acumen","Analyze data sets, generate insights, and provide data-driven recommendations to inform business decisions.",Analyze marketing data to measure campaign performance and ROI. Provide insights for marketing strategy adjustments. Create data visualizations and dashboards.,Cabo Verde
1453139640508756,Marketing Analyst,Data Analyst,4 to 12 Years,MBA,"Data analysis tools (e.g., SQL, Python) Data visualization tools (e.g., Tableau, Power BI) Statistical analysis Data cleansing and transformation Data modeling Communication of data insights Problem-solving Attention to detail Business acumen","Analyze data sets, generate insights, and provide data-driven recommendations to inform business decisions.",Analyze marketing data to measure campaign performance and ROI. Provide insights for marketing strategy adjustments. Create data visualizations and dashboards.,Guinea
294198391204634,Marketing Analyst,Data Analyst,4 to 13 Years,PhD,"Data analysis tools (e.g., SQL, Python) Data visualization tools (e.g., Tableau, Power BI) Statistical analysis Data cleansing and transformation Data modeling Communication of data insights Problem-solving Attention to detail Business acumen","Analyze data sets, generate insights, and provide data-driven recommendations to inform business decisions.",Analyze marketing data to measure campaign performance and ROI. Provide insights for marketing strategy adjustments. Create data visualizations and dashboards.,Colombia
242592431044864,Marketing Analyst,Data Analyst,2 to 10 Years,MBA,"Data analysis tools (e.g., SQL, Python) Data visualization tools (e.g., Tableau, Power BI) Statistical analysis Data cleansing and transformation Data modeling Communication of data insights Problem-solving Attention to detail Business acumen","Analyze data sets, generate insights, and provide data-driven recommendations to inform business decisions.",Analyze marketing data to measure campaign performance and ROI. Provide insights for marketing strategy adjustments. Create data visualizations and dashboards.,Kuwait
2208010832445163,Marketing Analyst,Data Analyst,3 to 10 Years,B.Com,"Data analysis tools (e.g., SQL, Python) Data visualization tools (e.g., Tableau, Power BI) Statistical analysis Data cleansing and transformation Data modeling Communication of data insights Problem-solving Attention to detail Business acumen","Analyze data sets, generate insights, and provide data-driven recommendations to inform business decisions.",Analyze marketing data to measure campaign performance and ROI. Provide insights for marketing strategy adjustments. Create data visualizations and dashboards.,Malta
255130949244042,Marketing Analyst,Data Analyst,0 to 15 Years,B.Com,"Data analysis tools (e.g., SQL, Python) Data visualization tools (e.g., Tableau, Power BI) Statistical analysis Data cleansing and transformation Data modeling Communication of data insights Problem-solving Attention to detail Business acumen","Analyze data sets, generate insights, and provide data-driven recommendations to inform business decisions.",Analyze marketing data to measure campaign performance and ROI. Provide insights for marketing strategy adjustments. Create data visualizations and dashboards.,American Samoa
132571660132752,Marketing Analyst,Data Analyst,2 to 13 Years,BBA,"Data analysis tools (e.g., SQL, Python) Data visualization tools (e.g., Tableau, Power BI) Statistical analysis Data cleansing and transformation Data modeling Communication of data insights Problem-solving Attention to detail Business acumen","Analyze data sets, generate insights, and provide data-driven recommendations to inform business decisions.",Analyze marketing data to measure campaign performance and ROI. Provide insights for marketing strategy adjustments. Create data visualizations and dashboards.,Nigeria
252280326880063,Marketing Analyst,Data Analyst,5 to 11 Years,MBA,"Data analysis tools (e.g., SQL, Python) Data visualization tools (e.g., Tableau, Power BI) Statistical analysis Data cleansing and transformation Data modeling Communication of data insights Problem-solving Attention to detail Business acumen","Analyze data sets, generate insights, and provide data-driven recommendations to inform business decisions.",Analyze marketing data to measure campaign performance and ROI. Provide insights for marketing strategy adjustments. Create data visualizations and dashboards.,"Macao SAR, China"
1804331506804910,Marketing Analyst,Data Analyst,1 to 9 Years,M.Com,"Data analysis tools (e.g., SQL, Python) Data visualization tools (e.g., Tableau, Power BI) Statistical analysis Data cleansing and transformation Data modeling Communication of data insights Problem-solving Attention to detail Business acumen","Analyze data sets, generate insights, and provide data-driven recommendations to inform business decisions.",Analyze marketing data to measure campaign performance and ROI. Provide insights for marketing strategy adjustments. Create data visualizations and dashboards.,Afghanistan
119141818834341,Marketing Analyst,Data Analyst,1 to 9 Years,B.Com,"Data analysis tools (e.g., SQL, Python) Data visualization tools (e.g., Tableau, Power BI) Statistical analysis Data cleansing and transformation Data modeling Communication of data insights Problem-solving Attention to detail Business acumen","Analyze data sets, generate insights, and provide data-driven recommendations to inform business decisions.",Analyze marketing data to measure campaign performance and ROI. Provide insights for marketing strategy adjustments. Create data visualizations and dashboards.,China
2516185223813799,Marketing Analyst,Data Analyst,0 to 10 Years,B.Com,"Data analysis tools (e.g., SQL, Python) Data visualization tools (e.g., Tableau, Power BI) Statistical analysis Data cleansing and transformation Data modeling Communication of data insights Problem-solving Attention to detail Business acumen","Analyze data sets, generate insights, and provide data-driven recommendations to inform business decisions.",Analyze marketing data to measure campaign performance and ROI. Provide insights for marketing strategy adjustments. Create data visualizations and dashboards.,Madagascar
1902714675025890,Marketing Analyst,Data Analyst,0 to 11 Years,B.Com,"Data analysis tools (e.g., SQL, Python) Data visualization tools (e.g., Tableau, Power BI) Statistical analysis Data cleansing and transformation Data modeling Communication of data insights Problem-solving Attention to detail Business acumen","Analyze data sets, generate insights, and provide data-driven recommendations to inform business decisions.",Analyze marketing data to measure campaign performance and ROI. Provide insights for marketing strategy adjustments. Create data visualizations and dashboards.,Greenland
1798883788251600,Marketing Analyst,Data Analyst,5 to 11 Years,MBA,"Data analysis tools (e.g., SQL, Python) Data visualization tools (e.g., Tableau, Power BI) Statistical analysis Data cleansing and transformation Data modeling Communication of data insights Problem-solving Attention to detail Business acumen","Analyze data sets, generate insights, and provide data-driven recommendations to inform business decisions.",Analyze marketing data to measure campaign performance and ROI. Provide insights for marketing strategy adjustments. Create data visualizations and dashboards.,Tanzania
1222888197478148,Marketing Analyst,Data Analyst,0 to 8 Years,B.Tech,"Data analysis tools (e.g., SQL, Python) Data visualization tools (e.g., Tableau, Power BI) Statistical analysis Data cleansing and transformation Data modeling Communication of data insights Problem-solving Attention to detail Business acumen","Analyze data sets, generate insights, and provide data-driven recommendations to inform business decisions.",Analyze marketing data to measure campaign performance and ROI. Provide insights for marketing strategy adjustments. Create data visualizations and dashboards.,New Caledonia
717701320956603,Marketing Analyst,Data Analyst,2 to 11 Years,BCA,"Data analysis tools (e.g., SQL, Python) Data visualization tools (e.g., Tableau, Power BI) Statistical analysis Data cleansing and transformation Data modeling Communication of data insights Problem-solving Attention to detail Business acumen","Analyze data sets, generate insights, and provide data-driven recommendations to inform business decisions.",Analyze marketing data to measure campaign performance and ROI. Provide insights for marketing strategy adjustments. Create data visualizations and dashboards.,Namibia
1889838008374670,Marketing Analyst,Data Analyst,2 to 12 Years,M.Tech,"Data analysis tools (e.g., SQL, Python) Data visualization tools (e.g., Tableau, Power BI) Statistical analysis Data cleansing and transformation Data modeling Communication of data insights Problem-solving Attention to detail Business acumen","Analyze data sets, generate insights, and provide data-driven recommendations to inform business decisions.",Analyze marketing data to measure campaign performance and ROI. Provide insights for marketing strategy adjustments. Create data visualizations and dashboards.,Singapore
1185430720700629,Marketing Analyst,Data Analyst,2 to 15 Years,B.Tech,"Data analysis tools (e.g., SQL, Python) Data visualization tools (e.g., Tableau, Power BI) Statistical analysis Data cleansing and transformation Data modeling Communication of data insights Problem-solving Attention to detail Business acumen","Analyze data sets, generate insights, and provide data-driven recommendations to inform business decisions.",Analyze marketing data to measure campaign performance and ROI. Provide insights for marketing strategy adjustments. Create data visualizations and dashboards.,British Virgin Islands
1156624145026927,Marketing Analyst,Data Analyst,3 to 14 Years,BCA,"Data analysis tools (e.g., SQL, Python) Data visualization tools (e.g., Tableau, Power BI) Statistical analysis Data cleansing and transformation Data modeling Communication of data insights Problem-solving Attention to detail Business acumen","Analyze data sets, generate insights, and provide data-driven recommendations to inform business decisions.",Analyze marketing data to measure campaign performance and ROI. Provide insights for marketing strategy adjustments. Create data visualizations and dashboards.,Ecuador
1317710939622205,Marketing Analyst,Data Analyst,5 to 11 Years,MBA,"Data analysis tools (e.g., SQL, Python) Data visualization tools (e.g., Tableau, Power BI) Statistical analysis Data cleansing and transformation Data modeling Communication of data insights Problem-solving Attention to detail Business acumen","Analyze data sets, generate insights, and provide data-driven recommendations to inform business decisions.",Analyze marketing data to measure campaign performance and ROI. Provide insights for marketing strategy adjustments. Create data visualizations and dashboards.,Puerto Rico
655672928911941,Marketing Analyst,Data Analyst,1 to 8 Years,MCA,"Data analysis tools (e.g., SQL, Python) Data visualization tools (e.g., Tableau, Power BI) Statistical analysis Data cleansing and transformation Data modeling Communication of data insights Problem-solving Attention to detail Business acumen","Analyze data sets, generate insights, and provide data-driven recommendations to inform business decisions.",Analyze marketing data to measure campaign performance and ROI. Provide insights for marketing strategy adjustments. Create data visualizations and dashboards.,USA
565668288654480,Marketing Analyst,Data Analyst,1 to 10 Years,BCA,"Data analysis tools (e.g., SQL, Python) Data visualization tools (e.g., Tableau, Power BI) Statistical analysis Data cleansing and transformation Data modeling Communication of data insights Problem-solving Attention to detail Business acumen","Analyze data sets, generate insights, and provide data-driven recommendations to inform business decisions.",Analyze marketing data to measure campaign performance and ROI. Provide insights for marketing strategy adjustments. Create data visualizations and dashboards.,Comoros
1149032092612562,Marketing Analyst,Data Analyst,3 to 15 Years,B.Com,"Data analysis tools (e.g., SQL, Python) Data visualization tools (e.g., Tableau, Power BI) Statistical analysis Data cleansing and transformation Data modeling Communication of data insights Problem-solving Attention to detail Business acumen","Analyze data sets, generate insights, and provide data-driven recommendations to inform business decisions.",Analyze marketing data to measure campaign performance and ROI. Provide insights for marketing strategy adjustments. Create data visualizations and dashboards.,Tuvalu
2716067936620257,Marketing Analyst,Data Analyst,1 to 13 Years,MBA,"Data analysis tools (e.g., SQL, Python) Data visualization tools (e.g., Tableau, Power BI) Statistical analysis Data cleansing and transformation Data modeling Communication of data insights Problem-solving Attention to detail Business acumen","Analyze data sets, generate insights, and provide data-driven recommendations to inform business decisions.",Analyze marketing data to measure campaign performance and ROI. Provide insights for marketing strategy adjustments. Create data visualizations and dashboards.,Latvia
2551391525048404,Marketing Analyst,Data Analyst,0 to 15 Years,BCA,"Data analysis tools (e.g., SQL, Python) Data visualization tools (e.g., Tableau, Power BI) Statistical analysis Data cleansing and transformation Data modeling Communication of data insights Problem-solving Attention to detail Business acumen","Analyze data sets, generate insights, and provide data-driven recommendations to inform business decisions.",Analyze marketing data to measure campaign performance and ROI. Provide insights for marketing strategy adjustments. Create data visualizations and dashboards.,Madagascar
1468458299873506,Marketing Analyst,Data Analyst,4 to 11 Years,BBA,"Data analysis tools (e.g., SQL, Python) Data visualization tools (e.g., Tableau, Power BI) Statistical analysis Data cleansing and transformation Data modeling Communication of data insights Problem-solving Attention to detail Business acumen","Analyze data sets, generate insights, and provide data-driven recommendations to inform business decisions.",Analyze marketing data to measure campaign performance and ROI. Provide insights for marketing strategy adjustments. Create data visualizations and dashboards.,Comoros
2615658589366350,Marketing Analyst,Data Analyst,0 to 9 Years,BA,"Data analysis tools (e.g., SQL, Python) Data visualization tools (e.g., Tableau, Power BI) Statistical analysis Data cleansing and transformation Data modeling Communication of data insights Problem-solving Attention to detail Business acumen","Analyze data sets, generate insights, and provide data-driven recommendations to inform business decisions.",Analyze marketing data to measure campaign performance and ROI. Provide insights for marketing strategy adjustments. Create data visualizations and dashboards.,Ukraine
907089112491185,Marketing Analyst,Data Analyst,0 to 13 Years,B.Tech,"Data analysis tools (e.g., SQL, Python) Data visualization tools (e.g., Tableau, Power BI) Statistical analysis Data cleansing and transformation Data modeling Communication of data insights Problem-solving Attention to detail Business acumen","Analyze data sets, generate insights, and provide data-driven recommendations to inform business decisions.",Analyze marketing data to measure campaign performance and ROI. Provide insights for marketing strategy adjustments. Create data visualizations and dashboards.,Kenya
1449691726901558,Marketing Analyst,Data Analyst,4 to 13 Years,M.Com,"Data analysis tools (e.g., SQL, Python) Data visualization tools (e.g., Tableau, Power BI) Statistical analysis Data cleansing and transformation Data modeling Communication of data insights Problem-solving Attention to detail Business acumen","Analyze data sets, generate insights, and provide data-driven recommendations to inform business decisions.",Analyze marketing data to measure campaign performance and ROI. Provide insights for marketing strategy adjustments. Create data visualizations and dashboards.,Sao Tome and Principe
1563608294482205,Marketing Analyst,Data Analyst,1 to 15 Years,B.Tech,"Data analysis tools (e.g., SQL, Python) Data visualization tools (e.g., Tableau, Power BI) Statistical analysis Data cleansing and transformation Data modeling Communication of data insights Problem-solving Attention to detail Business acumen","Analyze data sets, generate insights, and provide data-driven recommendations to inform business decisions.",Analyze marketing data to measure campaign performance and ROI. Provide insights for marketing strategy adjustments. Create data visualizations and dashboards.,Czech Republic
1815466659357725,Marketing Analyst,Data Analyst,2 to 15 Years,MCA,"Data analysis tools (e.g., SQL, Python) Data visualization tools (e.g., Tableau, Power BI) Statistical analysis Data cleansing and transformation Data modeling Communication of data insights Problem-solving Attention to detail Business acumen","Analyze data sets, generate insights, and provide data-driven recommendations to inform business decisions.",Analyze marketing data to measure campaign performance and ROI. Provide insights for marketing strategy adjustments. Create data visualizations and dashboards.,Yemen
2424826268019391,Marketing Analyst,Data Analyst,5 to 13 Years,M.Tech,"Data analysis tools (e.g., SQL, Python) Data visualization tools (e.g., Tableau, Power BI) Statistical analysis Data cleansing and transformation Data modeling Communication of data insights Problem-solving Attention to detail Business acumen","Analyze data sets, generate insights, and provide data-driven recommendations to inform business decisions.",Analyze marketing data to measure campaign performance and ROI. Provide insights for marketing strategy adjustments. Create data visualizations and dashboards.,Colombia
180561332185094,Marketing Analyst,Data Analyst,0 to 15 Years,PhD,"Data analysis tools (e.g., SQL, Python) Data visualization tools (e.g., Tableau, Power BI) Statistical analysis Data cleansing and transformation Data modeling Communication of data insights Problem-solving Attention to detail Business acumen","Analyze data sets, generate insights, and provide data-driven recommendations to inform business decisions.",Analyze marketing data to measure campaign performance and ROI. Provide insights for marketing strategy adjustments. Create data visualizations and dashboards.,Albania
962957247372870,Marketing Analyst,Data Analyst,5 to 9 Years,BBA,"Data analysis tools (e.g., SQL, Python) Data visualization tools (e.g., Tableau, Power BI) Statistical analysis Data cleansing and transformation Data modeling Communication of data insights Problem-solving Attention to detail Business acumen","Analyze data sets, generate insights, and provide data-driven recommendations to inform business decisions.",Analyze marketing data to measure campaign performance and ROI. Provide insights for marketing strategy adjustments. Create data visualizations and dashboards.,Guam
1339831331177739,Marketing Analyst,Data Analyst,1 to 14 Years,B.Com,"Data analysis tools (e.g., SQL, Python) Data visualization tools (e.g., Tableau, Power BI) Statistical analysis Data cleansing and transformation Data modeling Communication of data insights Problem-solving Attention to detail Business acumen","Analyze data sets, generate insights, and provide data-driven recommendations to inform business decisions.",Analyze marketing data to measure campaign performance and ROI. Provide insights for marketing strategy adjustments. Create data visualizations and dashboards.,Jamaica
2028808912400658,Marketing Analyst,Data Analyst,5 to 10 Years,BA,"Data analysis tools (e.g., SQL, Python) Data visualization tools (e.g., Tableau, Power BI) Statistical analysis Data cleansing and transformation Data modeling Communication of data insights Problem-solving Attention to detail Business acumen","Analyze data sets, generate insights, and provide data-driven recommendations to inform business decisions.",Analyze marketing data to measure campaign performance and ROI. Provide insights for marketing strategy adjustments. Create data visualizations and dashboards.,Sudan
1363822199956724,Marketing Analyst,Data Analyst,2 to 14 Years,B.Com,"Data analysis tools (e.g., SQL, Python) Data visualization tools (e.g., Tableau, Power BI) Statistical analysis Data cleansing and transformation Data modeling Communication of data insights Problem-solving Attention to detail Business acumen","Analyze data sets, generate insights, and provide data-driven recommendations to inform business decisions.",Analyze marketing data to measure campaign performance and ROI. Provide insights for marketing strategy adjustments. Create data visualizations and dashboards.,Barbados
36053426211479,Marketing Analyst,Data Analyst,1 to 10 Years,M.Tech,"Data analysis tools (e.g., SQL, Python) Data visualization tools (e.g., Tableau, Power BI) Statistical analysis Data cleansing and transformation Data modeling Communication of data insights Problem-solving Attention to detail Business acumen","Analyze data sets, generate insights, and provide data-driven recommendations to inform business decisions.",Analyze marketing data to measure campaign performance and ROI. Provide insights for marketing strategy adjustments. Create data visualizations and dashboards.,French Polynesia
1449854923649454,Marketing Analyst,Data Analyst,0 to 12 Years,B.Com,"Data analysis tools (e.g., SQL, Python) Data visualization tools (e.g., Tableau, Power BI) Statistical analysis Data cleansing and transformation Data modeling Communication of data insights Problem-solving Attention to detail Business acumen","Analyze data sets, generate insights, and provide data-driven recommendations to inform business decisions.",Analyze marketing data to measure campaign performance and ROI. Provide insights for marketing strategy adjustments. Create data visualizations and dashboards.,San Marino
2298496386601292,Marketing Analyst,Data Analyst,3 to 9 Years,BA,"Data analysis tools (e.g., SQL, Python) Data visualization tools (e.g., Tableau, Power BI) Statistical analysis Data cleansing and transformation Data modeling Communication of data insights Problem-solving Attention to detail Business acumen","Analyze data sets, generate insights, and provide data-driven recommendations to inform business decisions.",Analyze marketing data to measure campaign performance and ROI. Provide insights for marketing strategy adjustments. Create data visualizations and dashboards.,Romania
2313251180848922,Marketing Analyst,Data Analyst,2 to 11 Years,M.Com,"Data analysis tools (e.g., SQL, Python) Data visualization tools (e.g., Tableau, Power BI) Statistical analysis Data cleansing and transformation Data modeling Communication of data insights Problem-solving Attention to detail Business acumen","Analyze data sets, generate insights, and provide data-driven recommendations to inform business decisions.",Analyze marketing data to measure campaign performance and ROI. Provide insights for marketing strategy adjustments. Create data visualizations and dashboards.,Mexico
174963662447380,Marketing Analyst,Data Analyst,2 to 9 Years,PhD,"Data analysis tools (e.g., SQL, Python) Data visualization tools (e.g., Tableau, Power BI) Statistical analysis Data cleansing and transformation Data modeling Communication of data insights Problem-solving Attention to detail Business acumen","Analyze data sets, generate insights, and provide data-driven recommendations to inform business decisions.",Analyze marketing data to measure campaign performance and ROI. Provide insights for marketing strategy adjustments. Create data visualizations and dashboards.,Libya
2033564150453929,Marketing Analyst,Data Analyst,0 to 9 Years,MCA,"Data analysis tools (e.g., SQL, Python) Data visualization tools (e.g., Tableau, Power BI) Statistical analysis Data cleansing and transformation Data modeling Communication of data insights Problem-solving Attention to detail Business acumen","Analyze data sets, generate insights, and provide data-driven recommendations to inform business decisions.",Analyze marketing data to measure campaign performance and ROI. Provide insights for marketing strategy adjustments. Create data visualizations and dashboards.,Albania
204898316862210,Marketing Analyst,Data Analyst,1 to 10 Years,M.Com,"Data analysis tools (e.g., SQL, Python) Data visualization tools (e.g., Tableau, Power BI) Statistical analysis Data cleansing and transformation Data modeling Communication of data insights Problem-solving Attention to detail Business acumen","Analyze data sets, generate insights, and provide data-driven recommendations to inform business decisions.",Analyze marketing data to measure campaign performance and ROI. Provide insights for marketing strategy adjustments. Create data visualizations and dashboards.,El Salvador
2361499386634691,Marketing Analyst,Data Analyst,4 to 12 Years,BA,"Data analysis tools (e.g., SQL, Python) Data visualization tools (e.g., Tableau, Power BI) Statistical analysis Data cleansing and transformation Data modeling Communication of data insights Problem-solving Attention to detail Business acumen","Analyze data sets, generate insights, and provide data-driven recommendations to inform business decisions.",Analyze marketing data to measure campaign performance and ROI. Provide insights for marketing strategy adjustments. Create data visualizations and dashboards.,Latvia
1332576998215392,Marketing Analyst,Data Analyst,5 to 11 Years,MBA,"Data analysis tools (e.g., SQL, Python) Data visualization tools (e.g., Tableau, Power BI) Statistical analysis Data cleansing and transformation Data modeling Communication of data insights Problem-solving Attention to detail Business acumen","Analyze data sets, generate insights, and provide data-driven recommendations to inform business decisions.",Analyze marketing data to measure campaign performance and ROI. Provide insights for marketing strategy adjustments. Create data visualizations and dashboards.,Kuwait
858009704020372,Marketing Analyst,Data Analyst,4 to 12 Years,BCA,"Data analysis tools (e.g., SQL, Python) Data visualization tools (e.g., Tableau, Power BI) Statistical analysis Data cleansing and transformation Data modeling Communication of data insights Problem-solving Attention to detail Business acumen","Analyze data sets, generate insights, and provide data-driven recommendations to inform business decisions.",Analyze marketing data to measure campaign performance and ROI. Provide insights for marketing strategy adjustments. Create data visualizations and dashboards.,South Africa
2426995198619765,Marketing Analyst,Data Analyst,4 to 9 Years,M.Tech,"Data analysis tools (e.g., SQL, Python) Data visualization tools (e.g., Tableau, Power BI) Statistical analysis Data cleansing and transformation Data modeling Communication of data insights Problem-solving Attention to detail Business acumen","Analyze data sets, generate insights, and provide data-driven recommendations to inform business decisions.",Analyze marketing data to measure campaign performance and ROI. Provide insights for marketing strategy adjustments. Create data visualizations and dashboards.,Bangladesh
2748247651590365,Marketing Analyst,Data Analyst,2 to 8 Years,MBA,"Data analysis tools (e.g., SQL, Python) Data visualization tools (e.g., Tableau, Power BI) Statistical analysis Data cleansing and transformation Data modeling Communication of data insights Problem-solving Attention to detail Business acumen","Analyze data sets, generate insights, and provide data-driven recommendations to inform business decisions.",Analyze marketing data to measure campaign performance and ROI. Provide insights for marketing strategy adjustments. Create data visualizations and dashboards.,Mexico
1742050156304473,Marketing Analyst,Data Analyst,4 to 10 Years,M.Tech,"Data analysis tools (e.g., SQL, Python) Data visualization tools (e.g., Tableau, Power BI) Statistical analysis Data cleansing and transformation Data modeling Communication of data insights Problem-solving Attention to detail Business acumen","Analyze data sets, generate insights, and provide data-driven recommendations to inform business decisions.",Analyze marketing data to measure campaign performance and ROI. Provide insights for marketing strategy adjustments. Create data visualizations and dashboards.,Solomon Islands
1312462645842385,Marketing Analyst,Data Analyst,4 to 13 Years,MCA,"Data analysis tools (e.g., SQL, Python) Data visualization tools (e.g., Tableau, Power BI) Statistical analysis Data cleansing and transformation Data modeling Communication of data insights Problem-solving Attention to detail Business acumen","Analyze data sets, generate insights, and provide data-driven recommendations to inform business decisions.",Analyze marketing data to measure campaign performance and ROI. Provide insights for marketing strategy adjustments. Create data visualizations and dashboards.,Kazakhstan
1296267145263886,Marketing Analyst,Data Analyst,4 to 10 Years,M.Tech,"Data analysis tools (e.g., SQL, Python) Data visualization tools (e.g., Tableau, Power BI) Statistical analysis Data cleansing and transformation Data modeling Communication of data insights Problem-solving Attention to detail Business acumen","Analyze data sets, generate insights, and provide data-driven recommendations to inform business decisions.",Analyze marketing data to measure campaign performance and ROI. Provide insights for marketing strategy adjustments. Create data visualizations and dashboards.,Kosovo
1363992250534609,Marketing Analyst,Data Analyst,2 to 12 Years,B.Tech,"Data analysis tools (e.g., SQL, Python) Data visualization tools (e.g., Tableau, Power BI) Statistical analysis Data cleansing and transformation Data modeling Communication of data insights Problem-solving Attention to detail Business acumen","Analyze data sets, generate insights, and provide data-driven recommendations to inform business decisions.",Analyze marketing data to measure campaign performance and ROI. Provide insights for marketing strategy adjustments. Create data visualizations and dashboards.,Singapore
2357304437205186,Marketing Analyst,Data Analyst,0 to 11 Years,PhD,"Data analysis tools (e.g., SQL, Python) Data visualization tools (e.g., Tableau, Power BI) Statistical analysis Data cleansing and transformation Data modeling Communication of data insights Problem-solving Attention to detail Business acumen","Analyze data sets, generate insights, and provide data-driven recommendations to inform business decisions.",Analyze marketing data to measure campaign performance and ROI. Provide insights for marketing strategy adjustments. Create data visualizations and dashboards.,Lesotho
150462037458812,Marketing Analyst,Data Analyst,5 to 12 Years,PhD,"Data analysis tools (e.g., SQL, Python) Data visualization tools (e.g., Tableau, Power BI) Statistical analysis Data cleansing and transformation Data modeling Communication of data insights Problem-solving Attention to detail Business acumen","Analyze data sets, generate insights, and provide data-driven recommendations to inform business decisions.",Analyze marketing data to measure campaign performance and ROI. Provide insights for marketing strategy adjustments. Create data visualizations and dashboards.,Brunei
533012003925152,Marketing Analyst,Data Analyst,4 to 9 Years,MBA,"Data analysis tools (e.g., SQL, Python) Data visualization tools (e.g., Tableau, Power BI) Statistical analysis Data cleansing and transformation Data modeling Communication of data insights Problem-solving Attention to detail Business acumen","Analyze data sets, generate insights, and provide data-driven recommendations to inform business decisions.",Analyze marketing data to measure campaign performance and ROI. Provide insights for marketing strategy adjustments. Create data visualizations and dashboards.,Equatorial Guinea
1203069755622213,Marketing Analyst,Data Analyst,2 to 13 Years,BBA,"Data analysis tools (e.g., SQL, Python) Data visualization tools (e.g., Tableau, Power BI) Statistical analysis Data cleansing and transformation Data modeling Communication of data insights Problem-solving Attention to detail Business acumen","Analyze data sets, generate insights, and provide data-driven recommendations to inform business decisions.",Analyze marketing data to measure campaign performance and ROI. Provide insights for marketing strategy adjustments. Create data visualizations and dashboards.,"Venezuela, RB"
690824272062737,Marketing Analyst,Data Analyst,1 to 13 Years,BBA,"Data analysis tools (e.g., SQL, Python) Data visualization tools (e.g., Tableau, Power BI) Statistical analysis Data cleansing and transformation Data modeling Communication of data insights Problem-solving Attention to detail Business acumen","Analyze data sets, generate insights, and provide data-driven recommendations to inform business decisions.",Analyze marketing data to measure campaign performance and ROI. Provide insights for marketing strategy adjustments. Create data visualizations and dashboards.,Uzbekistan
1457322854135185,Marketing Analyst,Data Analyst,4 to 10 Years,B.Com,"Data analysis tools (e.g., SQL, Python) Data visualization tools (e.g., Tableau, Power BI) Statistical analysis Data cleansing and transformation Data modeling Communication of data insights Problem-solving Attention to detail Business acumen","Analyze data sets, generate insights, and provide data-driven recommendations to inform business decisions.",Analyze marketing data to measure campaign performance and ROI. Provide insights for marketing strategy adjustments. Create data visualizations and dashboards.,Latvia
2864447370281503,Marketing Analyst,Data Analyst,1 to 13 Years,MBA,"Data analysis tools (e.g., SQL, Python) Data visualization tools (e.g., Tableau, Power BI) Statistical analysis Data cleansing and transformation Data modeling Communication of data insights Problem-solving Attention to detail Business acumen","Analyze data sets, generate insights, and provide data-driven recommendations to inform business decisions.",Analyze marketing data to measure campaign performance and ROI. Provide insights for marketing strategy adjustments. Create data visualizations and dashboards.,Bhutan
157444371840958,Marketing Analyst,Data Analyst,2 to 14 Years,M.Tech,"Data analysis tools (e.g., SQL, Python) Data visualization tools (e.g., Tableau, Power BI) Statistical analysis Data cleansing and transformation Data modeling Communication of data insights Problem-solving Attention to detail Business acumen","Analyze data sets, generate insights, and provide data-driven recommendations to inform business decisions.",Analyze marketing data to measure campaign performance and ROI. Provide insights for marketing strategy adjustments. Create data visualizations and dashboards.,Trinidad and Tobago
831882629378038,Marketing Analyst,Data Analyst,2 to 13 Years,PhD,"Data analysis tools (e.g., SQL, Python) Data visualization tools (e.g., Tableau, Power BI) Statistical analysis Data cleansing and transformation Data modeling Communication of data insights Problem-solving Attention to detail Business acumen","Analyze data sets, generate insights, and provide data-driven recommendations to inform business decisions.",Analyze marketing data to measure campaign performance and ROI. Provide insights for marketing strategy adjustments. Create data visualizations and dashboards.,Serbia
355677047771110,Marketing Analyst,Data Analyst,3 to 9 Years,PhD,"Data analysis tools (e.g., SQL, Python) Data visualization tools (e.g., Tableau, Power BI) Statistical analysis Data cleansing and transformation Data modeling Communication of data insights Problem-solving Attention to detail Business acumen","Analyze data sets, generate insights, and provide data-driven recommendations to inform business decisions.",Analyze marketing data to measure campaign performance and ROI. Provide insights for marketing strategy adjustments. Create data visualizations and dashboards.,Serbia
2689819246740311,Marketing Analyst,Data Analyst,0 to 10 Years,M.Tech,"Data analysis tools (e.g., SQL, Python) Data visualization tools (e.g., Tableau, Power BI) Statistical analysis Data cleansing and transformation Data modeling Communication of data insights Problem-solving Attention to detail Business acumen","Analyze data sets, generate insights, and provide data-driven recommendations to inform business decisions.",Analyze marketing data to measure campaign performance and ROI. Provide insights for marketing strategy adjustments. Create data visualizations and dashboards.,Singapore
929188867187108,Marketing Analyst,Data Analyst,4 to 8 Years,MCA,"Data analysis tools (e.g., SQL, Python) Data visualization tools (e.g., Tableau, Power BI) Statistical analysis Data cleansing and transformation Data modeling Communication of data insights Problem-solving Attention to detail Business acumen","Analyze data sets, generate insights, and provide data-driven recommendations to inform business decisions.",Analyze marketing data to measure campaign performance and ROI. Provide insights for marketing strategy adjustments. Create data visualizations and dashboards.,Lao PDR
987599048793553,Marketing Analyst,Data Analyst,2 to 12 Years,B.Tech,"Data analysis tools (e.g., SQL, Python) Data visualization tools (e.g., Tableau, Power BI) Statistical analysis Data cleansing and transformation Data modeling Communication of data insights Problem-solving Attention to detail Business acumen","Analyze data sets, generate insights, and provide data-driven recommendations to inform business decisions.",Analyze marketing data to measure campaign performance and ROI. Provide insights for marketing strategy adjustments. Create data visualizations and dashboards.,Morocco
1133731743203181,Marketing Analyst,Data Analyst,3 to 12 Years,M.Tech,"Data analysis tools (e.g., SQL, Python) Data visualization tools (e.g., Tableau, Power BI) Statistical analysis Data cleansing and transformation Data modeling Communication of data insights Problem-solving Attention to detail Business acumen","Analyze data sets, generate insights, and provide data-driven recommendations to inform business decisions.",Analyze marketing data to measure campaign performance and ROI. Provide insights for marketing strategy adjustments. Create data visualizations and dashboards.,Tajikistan
617642318018139,Marketing Analyst,Data Analyst,2 to 13 Years,MBA,"Data analysis tools (e.g., SQL, Python) Data visualization tools (e.g., Tableau, Power BI) Statistical analysis Data cleansing and transformation Data modeling Communication of data insights Problem-solving Attention to detail Business acumen","Analyze data sets, generate insights, and provide data-driven recommendations to inform business decisions.",Analyze marketing data to measure campaign performance and ROI. Provide insights for marketing strategy adjustments. Create data visualizations and dashboards.,Netherlands
392284775867840,Marketing Analyst,Data Analyst,0 to 11 Years,BA,"Data analysis tools (e.g., SQL, Python) Data visualization tools (e.g., Tableau, Power BI) Statistical analysis Data cleansing and transformation Data modeling Communication of data insights Problem-solving Attention to detail Business acumen","Analyze data sets, generate insights, and provide data-driven recommendations to inform business decisions.",Analyze marketing data to measure campaign performance and ROI. Provide insights for marketing strategy adjustments. Create data visualizations and dashboards.,Benin
1343009304477943,Marketing Analyst,Data Analyst,2 to 11 Years,BA,"Data analysis tools (e.g., SQL, Python) Data visualization tools (e.g., Tableau, Power BI) Statistical analysis Data cleansing and transformation Data modeling Communication of data insights Problem-solving Attention to detail Business acumen","Analyze data sets, generate insights, and provide data-driven recommendations to inform business decisions.",Analyze marketing data to measure campaign performance and ROI. Provide insights for marketing strategy adjustments. Create data visualizations and dashboards.,Costa Rica
520183816762416,Marketing Analyst,Data Analyst,3 to 13 Years,M.Com,"Data analysis tools (e.g., SQL, Python) Data visualization tools (e.g., Tableau, Power BI) Statistical analysis Data cleansing and transformation Data modeling Communication of data insights Problem-solving Attention to detail Business acumen","Analyze data sets, generate insights, and provide data-driven recommendations to inform business decisions.",Analyze marketing data to measure campaign performance and ROI. Provide insights for marketing strategy adjustments. Create data visualizations and dashboards.,New Caledonia
1661786783863304,Marketing Analyst,Data Analyst,1 to 14 Years,M.Com,"Data analysis tools (e.g., SQL, Python) Data visualization tools (e.g., Tableau, Power BI) Statistical analysis Data cleansing and transformation Data modeling Communication of data insights Problem-solving Attention to detail Business acumen","Analyze data sets, generate insights, and provide data-driven recommendations to inform business decisions.",Analyze marketing data to measure campaign performance and ROI. Provide insights for marketing strategy adjustments. Create data visualizations and dashboards.,Jordan
1374390574856510,Marketing Analyst,Data Analyst,4 to 12 Years,M.Com,"Data analysis tools (e.g., SQL, Python) Data visualization tools (e.g., Tableau, Power BI) Statistical analysis Data cleansing and transformation Data modeling Communication of data insights Problem-solving Attention to detail Business acumen","Analyze data sets, generate insights, and provide data-driven recommendations to inform business decisions.",Analyze marketing data to measure campaign performance and ROI. Provide insights for marketing strategy adjustments. Create data visualizations and dashboards.,Yemen
2606405097134990,Marketing Analyst,Data Analyst,3 to 11 Years,BBA,"Data analysis tools (e.g., SQL, Python) Data visualization tools (e.g., Tableau, Power BI) Statistical analysis Data cleansing and transformation Data modeling Communication of data insights Problem-solving Attention to detail Business acumen","Analyze data sets, generate insights, and provide data-driven recommendations to inform business decisions.",Analyze marketing data to measure campaign performance and ROI. Provide insights for marketing strategy adjustments. Create data visualizations and dashboards.,Virgin Islands (U.S.)
1510473957566727,Marketing Analyst,Data Analyst,3 to 10 Years,BBA,"Data analysis tools (e.g., SQL, Python) Data visualization tools (e.g., Tableau, Power BI) Statistical analysis Data cleansing and transformation Data modeling Communication of data insights Problem-solving Attention to detail Business acumen","Analyze data sets, generate insights, and provide data-driven recommendations to inform business decisions.",Analyze marketing data to measure campaign performance and ROI. Provide insights for marketing strategy adjustments. Create data visualizations and dashboards.,Saudi Arabia
2742844874840765,Marketing Analyst,Data Analyst,3 to 8 Years,M.Com,"Data analysis tools (e.g., SQL, Python) Data visualization tools (e.g., Tableau, Power BI) Statistical analysis Data cleansing and transformation Data modeling Communication of data insights Problem-solving Attention to detail Business acumen","Analyze data sets, generate insights, and provide data-driven recommendations to inform business decisions.",Analyze marketing data to measure campaign performance and ROI. Provide insights for marketing strategy adjustments. Create data visualizations and dashboards.,Togo
1023624527562117,Marketing Analyst,Data Analyst,2 to 15 Years,M.Com,"Data analysis tools (e.g., SQL, Python) Data visualization tools (e.g., Tableau, Power BI) Statistical analysis Data cleansing and transformation Data modeling Communication of data insights Problem-solving Attention to detail Business acumen","Analyze data sets, generate insights, and provide data-driven recommendations to inform business decisions.",Analyze marketing data to measure campaign performance and ROI. Provide insights for marketing strategy adjustments. Create data visualizations and dashboards.,Democratic Republic Of Congo
2984846197529971,Marketing Analyst,Data Analyst,0 to 9 Years,BBA,"Data analysis tools (e.g., SQL, Python) Data visualization tools (e.g., Tableau, Power BI) Statistical analysis Data cleansing and transformation Data modeling Communication of data insights Problem-solving Attention to detail Business acumen","Analyze data sets, generate insights, and provide data-driven recommendations to inform business decisions.",Analyze marketing data to measure campaign performance and ROI. Provide insights for marketing strategy adjustments. Create data visualizations and dashboards.,Bermuda
2156279802701503,Marketing Analyst,Data Analyst,5 to 9 Years,BBA,"Data analysis tools (e.g., SQL, Python) Data visualization tools (e.g., Tableau, Power BI) Statistical analysis Data cleansing and transformation Data modeling Communication of data insights Problem-solving Attention to detail Business acumen","Analyze data sets, generate insights, and provide data-driven recommendations to inform business decisions.",Analyze marketing data to measure campaign performance and ROI. Provide insights for marketing strategy adjustments. Create data visualizations and dashboards.,Tanzania
1411405187353488,Marketing Analyst,Data Analyst,1 to 14 Years,MBA,"Data analysis tools (e.g., SQL, Python) Data visualization tools (e.g., Tableau, Power BI) Statistical analysis Data cleansing and transformation Data modeling Communication of data insights Problem-solving Attention to detail Business acumen","Analyze data sets, generate insights, and provide data-driven recommendations to inform business decisions.",Analyze marketing data to measure campaign performance and ROI. Provide insights for marketing strategy adjustments. Create data visualizations and dashboards.,Sri Lanka
580711989359441,Marketing Analyst,Data Analyst,4 to 14 Years,BA,"Data analysis tools (e.g., SQL, Python) Data visualization tools (e.g., Tableau, Power BI) Statistical analysis Data cleansing and transformation Data modeling Communication of data insights Problem-solving Attention to detail Business acumen","Analyze data sets, generate insights, and provide data-driven recommendations to inform business decisions.",Analyze marketing data to measure campaign performance and ROI. Provide insights for marketing strategy adjustments. Create data visualizations and dashboards.,Monaco
1020941190493095,Marketing Analyst,Data Analyst,2 to 8 Years,MCA,"Data analysis tools (e.g., SQL, Python) Data visualization tools (e.g., Tableau, Power BI) Statistical analysis Data cleansing and transformation Data modeling Communication of data insights Problem-solving Attention to detail Business acumen","Analyze data sets, generate insights, and provide data-driven recommendations to inform business decisions.",Analyze marketing data to measure campaign performance and ROI. Provide insights for marketing strategy adjustments. Create data visualizations and dashboards.,Trinidad and Tobago
2204056399677488,Marketing Analyst,Data Analyst,3 to 12 Years,M.Tech,"Data analysis tools (e.g., SQL, Python) Data visualization tools (e.g., Tableau, Power BI) Statistical analysis Data cleansing and transformation Data modeling Communication of data insights Problem-solving Attention to detail Business acumen","Analyze data sets, generate insights, and provide data-driven recommendations to inform business decisions.",Analyze marketing data to measure campaign performance and ROI. Provide insights for marketing strategy adjustments. Create data visualizations and dashboards.,Curacao
205185977042185,Marketing Analyst,Data Analyst,1 to 14 Years,B.Tech,"Data analysis tools (e.g., SQL, Python) Data visualization tools (e.g., Tableau, Power BI) Statistical analysis Data cleansing and transformation Data modeling Communication of data insights Problem-solving Attention to detail Business acumen","Analyze data sets, generate insights, and provide data-driven recommendations to inform business decisions.",Analyze marketing data to measure campaign performance and ROI. Provide insights for marketing strategy adjustments. Create data visualizations and dashboards.,Tonga
794115601733102,Marketing Analyst,Data Analyst,2 to 12 Years,MBA,"Data analysis tools (e.g., SQL, Python) Data visualization tools (e.g., Tableau, Power BI) Statistical analysis Data cleansing and transformation Data modeling Communication of data insights Problem-solving Attention to detail Business acumen","Analyze data sets, generate insights, and provide data-driven recommendations to inform business decisions.",Analyze marketing data to measure campaign performance and ROI. Provide insights for marketing strategy adjustments. Create data visualizations and dashboards.,Honduras
280647450168151,Marketing Analyst,Data Analyst,4 to 8 Years,B.Com,"Data analysis tools (e.g., SQL, Python) Data visualization tools (e.g., Tableau, Power BI) Statistical analysis Data cleansing and transformation Data modeling Communication of data insights Problem-solving Attention to detail Business acumen","Analyze data sets, generate insights, and provide data-driven recommendations to inform business decisions.",Analyze marketing data to measure campaign performance and ROI. Provide insights for marketing strategy adjustments. Create data visualizations and dashboards.,Myanmar
101249009299684,Marketing Analyst,Data Analyst,1 to 13 Years,BBA,"Data analysis tools (e.g., SQL, Python) Data visualization tools (e.g., Tableau, Power BI) Statistical analysis Data cleansing and transformation Data modeling Communication of data insights Problem-solving Attention to detail Business acumen","Analyze data sets, generate insights, and provide data-driven recommendations to inform business decisions.",Analyze marketing data to measure campaign performance and ROI. Provide insights for marketing strategy adjustments. Create data visualizations and dashboards.,Slovenia
47069112007651,Marketing Analyst,Data Analyst,1 to 12 Years,BBA,"Data analysis tools (e.g., SQL, Python) Data visualization tools (e.g., Tableau, Power BI) Statistical analysis Data cleansing and transformation Data modeling Communication of data insights Problem-solving Attention to detail Business acumen","Analyze data sets, generate insights, and provide data-driven recommendations to inform business decisions.",Analyze marketing data to measure campaign performance and ROI. Provide insights for marketing strategy adjustments. Create data visualizations and dashboards.,Cyprus
981718235291357,Marketing Analyst,Data Analyst,4 to 9 Years,B.Tech,"Data analysis tools (e.g., SQL, Python) Data visualization tools (e.g., Tableau, Power BI) Statistical analysis Data cleansing and transformation Data modeling Communication of data insights Problem-solving Attention to detail Business acumen","Analyze data sets, generate insights, and provide data-driven recommendations to inform business decisions.",Analyze marketing data to measure campaign performance and ROI. Provide insights for marketing strategy adjustments. Create data visualizations and dashboards.,"Korea, Rep."
1863525159728830,Marketing Analyst,Data Analyst,0 to 10 Years,M.Com,"Data analysis tools (e.g., SQL, Python) Data visualization tools (e.g., Tableau, Power BI) Statistical analysis Data cleansing and transformation Data modeling Communication of data insights Problem-solving Attention to detail Business acumen","Analyze data sets, generate insights, and provide data-driven recommendations to inform business decisions.",Analyze marketing data to measure campaign performance and ROI. Provide insights for marketing strategy adjustments. Create data visualizations and dashboards.,Guinea-Bissau
32234061993984,Data Analyst,Data Scientist,3 to 9 Years,BCA,"Machine learning algorithms and libraries (e.g., scikit-learn, TensorFlow, PyTorch) Statistical analysis and modeling Data preprocessing and cleaning Big data technologies (e.g., Hadoop, Spark) Data visualization Strong programming skills (Python, R)","Data Scientists use their expertise in data analysis and machine learning to extract valuable insights and predictions from data. They build and train models, conduct statistical analysis, and communicate findings to drive data-driven decision-making in the organization.",Apply machine learning algorithms and statistical techniques to extract insights from large datasets. Develop predictive models. Conduct data experiments and A/B testing.,Zambia
54755709690521,Data Analyst,Data Scientist,3 to 11 Years,BBA,"Machine learning algorithms and libraries (e.g., scikit-learn, TensorFlow, PyTorch) Statistical analysis and modeling Data preprocessing and cleaning Big data technologies (e.g., Hadoop, Spark) Data visualization Strong programming skills (Python, R)","Data Scientists use their expertise in data analysis and machine learning to extract valuable insights and predictions from data. They build and train models, conduct statistical analysis, and communicate findings to drive data-driven decision-making in the organization.",Apply machine learning algorithms and statistical techniques to extract insights from large datasets. Develop predictive models. Conduct data experiments and A/B testing.,UK
1263792326751166,Data Analyst,Data Scientist,5 to 9 Years,B.Com,"Machine learning algorithms and libraries (e.g., scikit-learn, TensorFlow, PyTorch) Statistical analysis and modeling Data preprocessing and cleaning Big data technologies (e.g., Hadoop, Spark) Data visualization Strong programming skills (Python, R)","Data Scientists use their expertise in data analysis and machine learning to extract valuable insights and predictions from data. They build and train models, conduct statistical analysis, and communicate findings to drive data-driven decision-making in the organization.",Apply machine learning algorithms and statistical techniques to extract insights from large datasets. Develop predictive models. Conduct data experiments and A/B testing.,Lesotho
609915835950832,Data Analyst,Data Scientist,3 to 11 Years,BCA,"Machine learning algorithms and libraries (e.g., scikit-learn, TensorFlow, PyTorch) Statistical analysis and modeling Data preprocessing and cleaning Big data technologies (e.g., Hadoop, Spark) Data visualization Strong programming skills (Python, R)","Data Scientists use their expertise in data analysis and machine learning to extract valuable insights and predictions from data. They build and train models, conduct statistical analysis, and communicate findings to drive data-driven decision-making in the organization.",Apply machine learning algorithms and statistical techniques to extract insights from large datasets. Develop predictive models. Conduct data experiments and A/B testing.,Singapore
1267586270037278,Data Analyst,Data Scientist,2 to 13 Years,MCA,"Machine learning algorithms and libraries (e.g., scikit-learn, TensorFlow, PyTorch) Statistical analysis and modeling Data preprocessing and cleaning Big data technologies (e.g., Hadoop, Spark) Data visualization Strong programming skills (Python, R)","Data Scientists use their expertise in data analysis and machine learning to extract valuable insights and predictions from data. They build and train models, conduct statistical analysis, and communicate findings to drive data-driven decision-making in the organization.",Apply machine learning algorithms and statistical techniques to extract insights from large datasets. Develop predictive models. Conduct data experiments and A/B testing.,Bolivia
517530280916772,Data Analyst,Data Scientist,1 to 15 Years,BCA,"Machine learning algorithms and libraries (e.g., scikit-learn, TensorFlow, PyTorch) Statistical analysis and modeling Data preprocessing and cleaning Big data technologies (e.g., Hadoop, Spark) Data visualization Strong programming skills (Python, R)","Data Scientists use their expertise in data analysis and machine learning to extract valuable insights and predictions from data. They build and train models, conduct statistical analysis, and communicate findings to drive data-driven decision-making in the organization.",Apply machine learning algorithms and statistical techniques to extract insights from large datasets. Develop predictive models. Conduct data experiments and A/B testing.,Romania
2372996565354202,Data Analyst,Data Scientist,3 to 12 Years,PhD,"Machine learning algorithms and libraries (e.g., scikit-learn, TensorFlow, PyTorch) Statistical analysis and modeling Data preprocessing and cleaning Big data technologies (e.g., Hadoop, Spark) Data visualization Strong programming skills (Python, R)","Data Scientists use their expertise in data analysis and machine learning to extract valuable insights and predictions from data. They build and train models, conduct statistical analysis, and communicate findings to drive data-driven decision-making in the organization.",Apply machine learning algorithms and statistical techniques to extract insights from large datasets. Develop predictive models. Conduct data experiments and A/B testing.,Slovenia
1201532037927062,Data Analyst,Data Scientist,1 to 10 Years,B.Com,"Machine learning algorithms and libraries (e.g., scikit-learn, TensorFlow, PyTorch) Statistical analysis and modeling Data preprocessing and cleaning Big data technologies (e.g., Hadoop, Spark) Data visualization Strong programming skills (Python, R)","Data Scientists use their expertise in data analysis and machine learning to extract valuable insights and predictions from data. They build and train models, conduct statistical analysis, and communicate findings to drive data-driven decision-making in the organization.",Apply machine learning algorithms and statistical techniques to extract insights from large datasets. Develop predictive models. Conduct data experiments and A/B testing.,Colombia
2752227479218872,Data Analyst,Data Scientist,5 to 9 Years,MCA,"Machine learning algorithms and libraries (e.g., scikit-learn, TensorFlow, PyTorch) Statistical analysis and modeling Data preprocessing and cleaning Big data technologies (e.g., Hadoop, Spark) Data visualization Strong programming skills (Python, R)","Data Scientists use their expertise in data analysis and machine learning to extract valuable insights and predictions from data. They build and train models, conduct statistical analysis, and communicate findings to drive data-driven decision-making in the organization.",Apply machine learning algorithms and statistical techniques to extract insights from large datasets. Develop predictive models. Conduct data experiments and A/B testing.,Aruba
1301361664608042,Data Analyst,Data Scientist,1 to 11 Years,M.Tech,"Machine learning algorithms and libraries (e.g., scikit-learn, TensorFlow, PyTorch) Statistical analysis and modeling Data preprocessing and cleaning Big data technologies (e.g., Hadoop, Spark) Data visualization Strong programming skills (Python, R)","Data Scientists use their expertise in data analysis and machine learning to extract valuable insights and predictions from data. They build and train models, conduct statistical analysis, and communicate findings to drive data-driven decision-making in the organization.",Apply machine learning algorithms and statistical techniques to extract insights from large datasets. Develop predictive models. Conduct data experiments and A/B testing.,Liechtenstein
1445649511307460,Data Analyst,Data Scientist,3 to 8 Years,B.Tech,"Machine learning algorithms and libraries (e.g., scikit-learn, TensorFlow, PyTorch) Statistical analysis and modeling Data preprocessing and cleaning Big data technologies (e.g., Hadoop, Spark) Data visualization Strong programming skills (Python, R)","Data Scientists use their expertise in data analysis and machine learning to extract valuable insights and predictions from data. They build and train models, conduct statistical analysis, and communicate findings to drive data-driven decision-making in the organization.",Apply machine learning algorithms and statistical techniques to extract insights from large datasets. Develop predictive models. Conduct data experiments and A/B testing.,Mali
647798450829163,Data Analyst,Data Scientist,2 to 8 Years,MBA,"Machine learning algorithms and libraries (e.g., scikit-learn, TensorFlow, PyTorch) Statistical analysis and modeling Data preprocessing and cleaning Big data technologies (e.g., Hadoop, Spark) Data visualization Strong programming skills (Python, R)","Data Scientists use their expertise in data analysis and machine learning to extract valuable insights and predictions from data. They build and train models, conduct statistical analysis, and communicate findings to drive data-driven decision-making in the organization.",Apply machine learning algorithms and statistical techniques to extract insights from large datasets. Develop predictive models. Conduct data experiments and A/B testing.,Kyrgyz Republic
2472115002301757,Data Analyst,Data Scientist,3 to 11 Years,M.Com,"Machine learning algorithms and libraries (e.g., scikit-learn, TensorFlow, PyTorch) Statistical analysis and modeling Data preprocessing and cleaning Big data technologies (e.g., Hadoop, Spark) Data visualization Strong programming skills (Python, R)","Data Scientists use their expertise in data analysis and machine learning to extract valuable insights and predictions from data. They build and train models, conduct statistical analysis, and communicate findings to drive data-driven decision-making in the organization.",Apply machine learning algorithms and statistical techniques to extract insights from large datasets. Develop predictive models. Conduct data experiments and A/B testing.,Pakistan
2258920162094532,Data Analyst,Data Scientist,0 to 15 Years,MCA,"Machine learning algorithms and libraries (e.g., scikit-learn, TensorFlow, PyTorch) Statistical analysis and modeling Data preprocessing and cleaning Big data technologies (e.g., Hadoop, Spark) Data visualization Strong programming skills (Python, R)","Data Scientists use their expertise in data analysis and machine learning to extract valuable insights and predictions from data. They build and train models, conduct statistical analysis, and communicate findings to drive data-driven decision-making in the organization.",Apply machine learning algorithms and statistical techniques to extract insights from large datasets. Develop predictive models. Conduct data experiments and A/B testing.,Guam
434714702569942,Data Analyst,Data Scientist,4 to 11 Years,M.Com,"Machine learning algorithms and libraries (e.g., scikit-learn, TensorFlow, PyTorch) Statistical analysis and modeling Data preprocessing and cleaning Big data technologies (e.g., Hadoop, Spark) Data visualization Strong programming skills (Python, R)","Data Scientists use their expertise in data analysis and machine learning to extract valuable insights and predictions from data. They build and train models, conduct statistical analysis, and communicate findings to drive data-driven decision-making in the organization.",Apply machine learning algorithms and statistical techniques to extract insights from large datasets. Develop predictive models. Conduct data experiments and A/B testing.,Nicaragua
583034234773236,Data Analyst,Data Scientist,2 to 15 Years,PhD,"Machine learning algorithms and libraries (e.g., scikit-learn, TensorFlow, PyTorch) Statistical analysis and modeling Data preprocessing and cleaning Big data technologies (e.g., Hadoop, Spark) Data visualization Strong programming skills (Python, R)","Data Scientists use their expertise in data analysis and machine learning to extract valuable insights and predictions from data. They build and train models, conduct statistical analysis, and communicate findings to drive data-driven decision-making in the organization.",Apply machine learning algorithms and statistical techniques to extract insights from large datasets. Develop predictive models. Conduct data experiments and A/B testing.,Kiribati
2573869497857440,Data Analyst,Data Scientist,4 to 15 Years,BCA,"Machine learning algorithms and libraries (e.g., scikit-learn, TensorFlow, PyTorch) Statistical analysis and modeling Data preprocessing and cleaning Big data technologies (e.g., Hadoop, Spark) Data visualization Strong programming skills (Python, R)","Data Scientists use their expertise in data analysis and machine learning to extract valuable insights and predictions from data. They build and train models, conduct statistical analysis, and communicate findings to drive data-driven decision-making in the organization.",Apply machine learning algorithms and statistical techniques to extract insights from large datasets. Develop predictive models. Conduct data experiments and A/B testing.,Gambia
2333738358731097,Data Analyst,Data Scientist,3 to 8 Years,MCA,"Machine learning algorithms and libraries (e.g., scikit-learn, TensorFlow, PyTorch) Statistical analysis and modeling Data preprocessing and cleaning Big data technologies (e.g., Hadoop, Spark) Data visualization Strong programming skills (Python, R)","Data Scientists use their expertise in data analysis and machine learning to extract valuable insights and predictions from data. They build and train models, conduct statistical analysis, and communicate findings to drive data-driven decision-making in the organization.",Apply machine learning algorithms and statistical techniques to extract insights from large datasets. Develop predictive models. Conduct data experiments and A/B testing.,"Hong Kong SAR, China"
2102525990823466,Data Analyst,Data Scientist,0 to 10 Years,BA,"Machine learning algorithms and libraries (e.g., scikit-learn, TensorFlow, PyTorch) Statistical analysis and modeling Data preprocessing and cleaning Big data technologies (e.g., Hadoop, Spark) Data visualization Strong programming skills (Python, R)","Data Scientists use their expertise in data analysis and machine learning to extract valuable insights and predictions from data. They build and train models, conduct statistical analysis, and communicate findings to drive data-driven decision-making in the organization.",Apply machine learning algorithms and statistical techniques to extract insights from large datasets. Develop predictive models. Conduct data experiments and A/B testing.,Tanzania
1554648776536879,Data Analyst,Data Scientist,4 to 9 Years,B.Tech,"Machine learning algorithms and libraries (e.g., scikit-learn, TensorFlow, PyTorch) Statistical analysis and modeling Data preprocessing and cleaning Big data technologies (e.g., Hadoop, Spark) Data visualization Strong programming skills (Python, R)","Data Scientists use their expertise in data analysis and machine learning to extract valuable insights and predictions from data. They build and train models, conduct statistical analysis, and communicate findings to drive data-driven decision-making in the organization.",Apply machine learning algorithms and statistical techniques to extract insights from large datasets. Develop predictive models. Conduct data experiments and A/B testing.,Solomon Islands
851027957150617,Data Analyst,Data Scientist,3 to 12 Years,M.Com,"Machine learning algorithms and libraries (e.g., scikit-learn, TensorFlow, PyTorch) Statistical analysis and modeling Data preprocessing and cleaning Big data technologies (e.g., Hadoop, Spark) Data visualization Strong programming skills (Python, R)","Data Scientists use their expertise in data analysis and machine learning to extract valuable insights and predictions from data. They build and train models, conduct statistical analysis, and communicate findings to drive data-driven decision-making in the organization.",Apply machine learning algorithms and statistical techniques to extract insights from large datasets. Develop predictive models. Conduct data experiments and A/B testing.,Palau
415045646976561,Data Analyst,Data Scientist,1 to 13 Years,MCA,"Machine learning algorithms and libraries (e.g., scikit-learn, TensorFlow, PyTorch) Statistical analysis and modeling Data preprocessing and cleaning Big data technologies (e.g., Hadoop, Spark) Data visualization Strong programming skills (Python, R)","Data Scientists use their expertise in data analysis and machine learning to extract valuable insights and predictions from data. They build and train models, conduct statistical analysis, and communicate findings to drive data-driven decision-making in the organization.",Apply machine learning algorithms and statistical techniques to extract insights from large datasets. Develop predictive models. Conduct data experiments and A/B testing.,Bosnia and Herzegovina
1016470919996785,Data Analyst,Data Scientist,3 to 9 Years,BA,"Machine learning algorithms and libraries (e.g., scikit-learn, TensorFlow, PyTorch) Statistical analysis and modeling Data preprocessing and cleaning Big data technologies (e.g., Hadoop, Spark) Data visualization Strong programming skills (Python, R)","Data Scientists use their expertise in data analysis and machine learning to extract valuable insights and predictions from data. They build and train models, conduct statistical analysis, and communicate findings to drive data-driven decision-making in the organization.",Apply machine learning algorithms and statistical techniques to extract insights from large datasets. Develop predictive models. Conduct data experiments and A/B testing.,St. Kitts and Nevis
724686941751674,Data Analyst,Data Scientist,5 to 9 Years,BCA,"Machine learning algorithms and libraries (e.g., scikit-learn, TensorFlow, PyTorch) Statistical analysis and modeling Data preprocessing and cleaning Big data technologies (e.g., Hadoop, Spark) Data visualization Strong programming skills (Python, R)","Data Scientists use their expertise in data analysis and machine learning to extract valuable insights and predictions from data. They build and train models, conduct statistical analysis, and communicate findings to drive data-driven decision-making in the organization.",Apply machine learning algorithms and statistical techniques to extract insights from large datasets. Develop predictive models. Conduct data experiments and A/B testing.,Dominican Republic
303482525579521,Data Analyst,Data Scientist,0 to 12 Years,M.Com,"Machine learning algorithms and libraries (e.g., scikit-learn, TensorFlow, PyTorch) Statistical analysis and modeling Data preprocessing and cleaning Big data technologies (e.g., Hadoop, Spark) Data visualization Strong programming skills (Python, R)","Data Scientists use their expertise in data analysis and machine learning to extract valuable insights and predictions from data. They build and train models, conduct statistical analysis, and communicate findings to drive data-driven decision-making in the organization.",Apply machine learning algorithms and statistical techniques to extract insights from large datasets. Develop predictive models. Conduct data experiments and A/B testing.,Liechtenstein
1092054984985279,Data Analyst,Data Scientist,2 to 9 Years,MCA,"Machine learning algorithms and libraries (e.g., scikit-learn, TensorFlow, PyTorch) Statistical analysis and modeling Data preprocessing and cleaning Big data technologies (e.g., Hadoop, Spark) Data visualization Strong programming skills (Python, R)","Data Scientists use their expertise in data analysis and machine learning to extract valuable insights and predictions from data. They build and train models, conduct statistical analysis, and communicate findings to drive data-driven decision-making in the organization.",Apply machine learning algorithms and statistical techniques to extract insights from large datasets. Develop predictive models. Conduct data experiments and A/B testing.,Argentina
2495398286805502,Data Analyst,Data Scientist,1 to 15 Years,MBA,"Machine learning algorithms and libraries (e.g., scikit-learn, TensorFlow, PyTorch) Statistical analysis and modeling Data preprocessing and cleaning Big data technologies (e.g., Hadoop, Spark) Data visualization Strong programming skills (Python, R)","Data Scientists use their expertise in data analysis and machine learning to extract valuable insights and predictions from data. They build and train models, conduct statistical analysis, and communicate findings to drive data-driven decision-making in the organization.",Apply machine learning algorithms and statistical techniques to extract insights from large datasets. Develop predictive models. Conduct data experiments and A/B testing.,"Korea, Rep."
2482729278282901,Data Analyst,Data Scientist,5 to 13 Years,BA,"Machine learning algorithms and libraries (e.g., scikit-learn, TensorFlow, PyTorch) Statistical analysis and modeling Data preprocessing and cleaning Big data technologies (e.g., Hadoop, Spark) Data visualization Strong programming skills (Python, R)","Data Scientists use their expertise in data analysis and machine learning to extract valuable insights and predictions from data. They build and train models, conduct statistical analysis, and communicate findings to drive data-driven decision-making in the organization.",Apply machine learning algorithms and statistical techniques to extract insights from large datasets. Develop predictive models. Conduct data experiments and A/B testing.,"Bahamas, The"
1641117325600929,Data Analyst,Data Scientist,0 to 10 Years,BBA,"Machine learning algorithms and libraries (e.g., scikit-learn, TensorFlow, PyTorch) Statistical analysis and modeling Data preprocessing and cleaning Big data technologies (e.g., Hadoop, Spark) Data visualization Strong programming skills (Python, R)","Data Scientists use their expertise in data analysis and machine learning to extract valuable insights and predictions from data. They build and train models, conduct statistical analysis, and communicate findings to drive data-driven decision-making in the organization.",Apply machine learning algorithms and statistical techniques to extract insights from large datasets. Develop predictive models. Conduct data experiments and A/B testing.,Grenada
2637074391432608,Data Analyst,Data Scientist,0 to 10 Years,B.Com,"Machine learning algorithms and libraries (e.g., scikit-learn, TensorFlow, PyTorch) Statistical analysis and modeling Data preprocessing and cleaning Big data technologies (e.g., Hadoop, Spark) Data visualization Strong programming skills (Python, R)","Data Scientists use their expertise in data analysis and machine learning to extract valuable insights and predictions from data. They build and train models, conduct statistical analysis, and communicate findings to drive data-driven decision-making in the organization.",Apply machine learning algorithms and statistical techniques to extract insights from large datasets. Develop predictive models. Conduct data experiments and A/B testing.,Ukraine
148608590375599,Data Analyst,Data Scientist,0 to 15 Years,B.Tech,"Machine learning algorithms and libraries (e.g., scikit-learn, TensorFlow, PyTorch) Statistical analysis and modeling Data preprocessing and cleaning Big data technologies (e.g., Hadoop, Spark) Data visualization Strong programming skills (Python, R)","Data Scientists use their expertise in data analysis and machine learning to extract valuable insights and predictions from data. They build and train models, conduct statistical analysis, and communicate findings to drive data-driven decision-making in the organization.",Apply machine learning algorithms and statistical techniques to extract insights from large datasets. Develop predictive models. Conduct data experiments and A/B testing.,Mauritius
2706772677924216,Data Analyst,Data Scientist,5 to 10 Years,B.Tech,"Machine learning algorithms and libraries (e.g., scikit-learn, TensorFlow, PyTorch) Statistical analysis and modeling Data preprocessing and cleaning Big data technologies (e.g., Hadoop, Spark) Data visualization Strong programming skills (Python, R)","Data Scientists use their expertise in data analysis and machine learning to extract valuable insights and predictions from data. They build and train models, conduct statistical analysis, and communicate findings to drive data-driven decision-making in the organization.",Apply machine learning algorithms and statistical techniques to extract insights from large datasets. Develop predictive models. Conduct data experiments and A/B testing.,Burundi
1678061967728511,Data Analyst,Data Scientist,2 to 9 Years,BA,"Machine learning algorithms and libraries (e.g., scikit-learn, TensorFlow, PyTorch) Statistical analysis and modeling Data preprocessing and cleaning Big data technologies (e.g., Hadoop, Spark) Data visualization Strong programming skills (Python, R)","Data Scientists use their expertise in data analysis and machine learning to extract valuable insights and predictions from data. They build and train models, conduct statistical analysis, and communicate findings to drive data-driven decision-making in the organization.",Apply machine learning algorithms and statistical techniques to extract insights from large datasets. Develop predictive models. Conduct data experiments and A/B testing.,Cayman Islands
2922726451140954,Data Analyst,Data Scientist,1 to 8 Years,BBA,"Machine learning algorithms and libraries (e.g., scikit-learn, TensorFlow, PyTorch) Statistical analysis and modeling Data preprocessing and cleaning Big data technologies (e.g., Hadoop, Spark) Data visualization Strong programming skills (Python, R)","Data Scientists use their expertise in data analysis and machine learning to extract valuable insights and predictions from data. They build and train models, conduct statistical analysis, and communicate findings to drive data-driven decision-making in the organization.",Apply machine learning algorithms and statistical techniques to extract insights from large datasets. Develop predictive models. Conduct data experiments and A/B testing.,Australia
225257311905468,Data Analyst,Data Scientist,5 to 9 Years,MBA,"Machine learning algorithms and libraries (e.g., scikit-learn, TensorFlow, PyTorch) Statistical analysis and modeling Data preprocessing and cleaning Big data technologies (e.g., Hadoop, Spark) Data visualization Strong programming skills (Python, R)","Data Scientists use their expertise in data analysis and machine learning to extract valuable insights and predictions from data. They build and train models, conduct statistical analysis, and communicate findings to drive data-driven decision-making in the organization.",Apply machine learning algorithms and statistical techniques to extract insights from large datasets. Develop predictive models. Conduct data experiments and A/B testing.,Montenegro
141931352579668,Data Analyst,Data Scientist,3 to 13 Years,MCA,"Machine learning algorithms and libraries (e.g., scikit-learn, TensorFlow, PyTorch) Statistical analysis and modeling Data preprocessing and cleaning Big data technologies (e.g., Hadoop, Spark) Data visualization Strong programming skills (Python, R)","Data Scientists use their expertise in data analysis and machine learning to extract valuable insights and predictions from data. They build and train models, conduct statistical analysis, and communicate findings to drive data-driven decision-making in the organization.",Apply machine learning algorithms and statistical techniques to extract insights from large datasets. Develop predictive models. Conduct data experiments and A/B testing.,Bangladesh
2490200089018729,Data Analyst,Data Scientist,5 to 14 Years,PhD,"Machine learning algorithms and libraries (e.g., scikit-learn, TensorFlow, PyTorch) Statistical analysis and modeling Data preprocessing and cleaning Big data technologies (e.g., Hadoop, Spark) Data visualization Strong programming skills (Python, R)","Data Scientists use their expertise in data analysis and machine learning to extract valuable insights and predictions from data. They build and train models, conduct statistical analysis, and communicate findings to drive data-driven decision-making in the organization.",Apply machine learning algorithms and statistical techniques to extract insights from large datasets. Develop predictive models. Conduct data experiments and A/B testing.,Libya
2632546803882219,Data Analyst,Data Scientist,5 to 13 Years,MCA,"Machine learning algorithms and libraries (e.g., scikit-learn, TensorFlow, PyTorch) Statistical analysis and modeling Data preprocessing and cleaning Big data technologies (e.g., Hadoop, Spark) Data visualization Strong programming skills (Python, R)","Data Scientists use their expertise in data analysis and machine learning to extract valuable insights and predictions from data. They build and train models, conduct statistical analysis, and communicate findings to drive data-driven decision-making in the organization.",Apply machine learning algorithms and statistical techniques to extract insights from large datasets. Develop predictive models. Conduct data experiments and A/B testing.,Turkmenistan
1577024392364889,Data Analyst,Data Scientist,2 to 12 Years,BCA,"Machine learning algorithms and libraries (e.g., scikit-learn, TensorFlow, PyTorch) Statistical analysis and modeling Data preprocessing and cleaning Big data technologies (e.g., Hadoop, Spark) Data visualization Strong programming skills (Python, R)","Data Scientists use their expertise in data analysis and machine learning to extract valuable insights and predictions from data. They build and train models, conduct statistical analysis, and communicate findings to drive data-driven decision-making in the organization.",Apply machine learning algorithms and statistical techniques to extract insights from large datasets. Develop predictive models. Conduct data experiments and A/B testing.,Panama
878229467857787,Data Analyst,Data Scientist,2 to 13 Years,BCA,"Machine learning algorithms and libraries (e.g., scikit-learn, TensorFlow, PyTorch) Statistical analysis and modeling Data preprocessing and cleaning Big data technologies (e.g., Hadoop, Spark) Data visualization Strong programming skills (Python, R)","Data Scientists use their expertise in data analysis and machine learning to extract valuable insights and predictions from data. They build and train models, conduct statistical analysis, and communicate findings to drive data-driven decision-making in the organization.",Apply machine learning algorithms and statistical techniques to extract insights from large datasets. Develop predictive models. Conduct data experiments and A/B testing.,Lesotho
2584327314539681,Data Analyst,Data Scientist,1 to 10 Years,PhD,"Machine learning algorithms and libraries (e.g., scikit-learn, TensorFlow, PyTorch) Statistical analysis and modeling Data preprocessing and cleaning Big data technologies (e.g., Hadoop, Spark) Data visualization Strong programming skills (Python, R)","Data Scientists use their expertise in data analysis and machine learning to extract valuable insights and predictions from data. They build and train models, conduct statistical analysis, and communicate findings to drive data-driven decision-making in the organization.",Apply machine learning algorithms and statistical techniques to extract insights from large datasets. Develop predictive models. Conduct data experiments and A/B testing.,"Bahamas, The"
2240742267409193,Data Analyst,Data Scientist,0 to 10 Years,PhD,"Machine learning algorithms and libraries (e.g., scikit-learn, TensorFlow, PyTorch) Statistical analysis and modeling Data preprocessing and cleaning Big data technologies (e.g., Hadoop, Spark) Data visualization Strong programming skills (Python, R)","Data Scientists use their expertise in data analysis and machine learning to extract valuable insights and predictions from data. They build and train models, conduct statistical analysis, and communicate findings to drive data-driven decision-making in the organization.",Apply machine learning algorithms and statistical techniques to extract insights from large datasets. Develop predictive models. Conduct data experiments and A/B testing.,Gambia
1718144590104584,Data Analyst,Data Scientist,4 to 11 Years,B.Tech,"Machine learning algorithms and libraries (e.g., scikit-learn, TensorFlow, PyTorch) Statistical analysis and modeling Data preprocessing and cleaning Big data technologies (e.g., Hadoop, Spark) Data visualization Strong programming skills (Python, R)","Data Scientists use their expertise in data analysis and machine learning to extract valuable insights and predictions from data. They build and train models, conduct statistical analysis, and communicate findings to drive data-driven decision-making in the organization.",Apply machine learning algorithms and statistical techniques to extract insights from large datasets. Develop predictive models. Conduct data experiments and A/B testing.,West Bank and Gaza
1783612127110777,Data Analyst,Data Scientist,5 to 11 Years,BA,"Machine learning algorithms and libraries (e.g., scikit-learn, TensorFlow, PyTorch) Statistical analysis and modeling Data preprocessing and cleaning Big data technologies (e.g., Hadoop, Spark) Data visualization Strong programming skills (Python, R)","Data Scientists use their expertise in data analysis and machine learning to extract valuable insights and predictions from data. They build and train models, conduct statistical analysis, and communicate findings to drive data-driven decision-making in the organization.",Apply machine learning algorithms and statistical techniques to extract insights from large datasets. Develop predictive models. Conduct data experiments and A/B testing.,Netherlands
1147970574138021,Data Analyst,Data Scientist,4 to 11 Years,MCA,"Machine learning algorithms and libraries (e.g., scikit-learn, TensorFlow, PyTorch) Statistical analysis and modeling Data preprocessing and cleaning Big data technologies (e.g., Hadoop, Spark) Data visualization Strong programming skills (Python, R)","Data Scientists use their expertise in data analysis and machine learning to extract valuable insights and predictions from data. They build and train models, conduct statistical analysis, and communicate findings to drive data-driven decision-making in the organization.",Apply machine learning algorithms and statistical techniques to extract insights from large datasets. Develop predictive models. Conduct data experiments and A/B testing.,Philippines
1221030790939800,Data Analyst,Data Scientist,1 to 13 Years,BCA,"Machine learning algorithms and libraries (e.g., scikit-learn, TensorFlow, PyTorch) Statistical analysis and modeling Data preprocessing and cleaning Big data technologies (e.g., Hadoop, Spark) Data visualization Strong programming skills (Python, R)","Data Scientists use their expertise in data analysis and machine learning to extract valuable insights and predictions from data. They build and train models, conduct statistical analysis, and communicate findings to drive data-driven decision-making in the organization.",Apply machine learning algorithms and statistical techniques to extract insights from large datasets. Develop predictive models. Conduct data experiments and A/B testing.,Trinidad and Tobago
1920177067520048,Data Analyst,Data Scientist,1 to 8 Years,BA,"Machine learning algorithms and libraries (e.g., scikit-learn, TensorFlow, PyTorch) Statistical analysis and modeling Data preprocessing and cleaning Big data technologies (e.g., Hadoop, Spark) Data visualization Strong programming skills (Python, R)","Data Scientists use their expertise in data analysis and machine learning to extract valuable insights and predictions from data. They build and train models, conduct statistical analysis, and communicate findings to drive data-driven decision-making in the organization.",Apply machine learning algorithms and statistical techniques to extract insights from large datasets. Develop predictive models. Conduct data experiments and A/B testing.,Belize
59478488919435,Data Analyst,Data Scientist,4 to 15 Years,BA,"Machine learning algorithms and libraries (e.g., scikit-learn, TensorFlow, PyTorch) Statistical analysis and modeling Data preprocessing and cleaning Big data technologies (e.g., Hadoop, Spark) Data visualization Strong programming skills (Python, R)","Data Scientists use their expertise in data analysis and machine learning to extract valuable insights and predictions from data. They build and train models, conduct statistical analysis, and communicate findings to drive data-driven decision-making in the organization.",Apply machine learning algorithms and statistical techniques to extract insights from large datasets. Develop predictive models. Conduct data experiments and A/B testing.,Togo
522467534083986,Data Analyst,Data Scientist,0 to 9 Years,MBA,"Machine learning algorithms and libraries (e.g., scikit-learn, TensorFlow, PyTorch) Statistical analysis and modeling Data preprocessing and cleaning Big data technologies (e.g., Hadoop, Spark) Data visualization Strong programming skills (Python, R)","Data Scientists use their expertise in data analysis and machine learning to extract valuable insights and predictions from data. They build and train models, conduct statistical analysis, and communicate findings to drive data-driven decision-making in the organization.",Apply machine learning algorithms and statistical techniques to extract insights from large datasets. Develop predictive models. Conduct data experiments and A/B testing.,North Korea
151826248950031,Data Analyst,Data Scientist,0 to 15 Years,MBA,"Machine learning algorithms and libraries (e.g., scikit-learn, TensorFlow, PyTorch) Statistical analysis and modeling Data preprocessing and cleaning Big data technologies (e.g., Hadoop, Spark) Data visualization Strong programming skills (Python, R)","Data Scientists use their expertise in data analysis and machine learning to extract valuable insights and predictions from data. They build and train models, conduct statistical analysis, and communicate findings to drive data-driven decision-making in the organization.",Apply machine learning algorithms and statistical techniques to extract insights from large datasets. Develop predictive models. Conduct data experiments and A/B testing.,Jamaica
2275154798333661,Data Analyst,Data Scientist,0 to 14 Years,M.Com,"Machine learning algorithms and libraries (e.g., scikit-learn, TensorFlow, PyTorch) Statistical analysis and modeling Data preprocessing and cleaning Big data technologies (e.g., Hadoop, Spark) Data visualization Strong programming skills (Python, R)","Data Scientists use their expertise in data analysis and machine learning to extract valuable insights and predictions from data. They build and train models, conduct statistical analysis, and communicate findings to drive data-driven decision-making in the organization.",Apply machine learning algorithms and statistical techniques to extract insights from large datasets. Develop predictive models. Conduct data experiments and A/B testing.,Virgin Islands (U.S.)
2036260467602651,Data Analyst,Data Scientist,1 to 12 Years,MCA,"Machine learning algorithms and libraries (e.g., scikit-learn, TensorFlow, PyTorch) Statistical analysis and modeling Data preprocessing and cleaning Big data technologies (e.g., Hadoop, Spark) Data visualization Strong programming skills (Python, R)","Data Scientists use their expertise in data analysis and machine learning to extract valuable insights and predictions from data. They build and train models, conduct statistical analysis, and communicate findings to drive data-driven decision-making in the organization.",Apply machine learning algorithms and statistical techniques to extract insights from large datasets. Develop predictive models. Conduct data experiments and A/B testing.,"Bahamas, The"
2026446279847073,Data Analyst,Data Scientist,3 to 14 Years,BCA,"Machine learning algorithms and libraries (e.g., scikit-learn, TensorFlow, PyTorch) Statistical analysis and modeling Data preprocessing and cleaning Big data technologies (e.g., Hadoop, Spark) Data visualization Strong programming skills (Python, R)","Data Scientists use their expertise in data analysis and machine learning to extract valuable insights and predictions from data. They build and train models, conduct statistical analysis, and communicate findings to drive data-driven decision-making in the organization.",Apply machine learning algorithms and statistical techniques to extract insights from large datasets. Develop predictive models. Conduct data experiments and A/B testing.,Thailand
1817909218653997,Data Analyst,Data Scientist,5 to 13 Years,PhD,"Machine learning algorithms and libraries (e.g., scikit-learn, TensorFlow, PyTorch) Statistical analysis and modeling Data preprocessing and cleaning Big data technologies (e.g., Hadoop, Spark) Data visualization Strong programming skills (Python, R)","Data Scientists use their expertise in data analysis and machine learning to extract valuable insights and predictions from data. They build and train models, conduct statistical analysis, and communicate findings to drive data-driven decision-making in the organization.",Apply machine learning algorithms and statistical techniques to extract insights from large datasets. Develop predictive models. Conduct data experiments and A/B testing.,Guatemala
2233101387198165,Data Analyst,Data Scientist,2 to 8 Years,MCA,"Machine learning algorithms and libraries (e.g., scikit-learn, TensorFlow, PyTorch) Statistical analysis and modeling Data preprocessing and cleaning Big data technologies (e.g., Hadoop, Spark) Data visualization Strong programming skills (Python, R)","Data Scientists use their expertise in data analysis and machine learning to extract valuable insights and predictions from data. They build and train models, conduct statistical analysis, and communicate findings to drive data-driven decision-making in the organization.",Apply machine learning algorithms and statistical techniques to extract insights from large datasets. Develop predictive models. Conduct data experiments and A/B testing.,Haiti
1123751164061091,Data Analyst,Data Scientist,5 to 12 Years,PhD,"Machine learning algorithms and libraries (e.g., scikit-learn, TensorFlow, PyTorch) Statistical analysis and modeling Data preprocessing and cleaning Big data technologies (e.g., Hadoop, Spark) Data visualization Strong programming skills (Python, R)","Data Scientists use their expertise in data analysis and machine learning to extract valuable insights and predictions from data. They build and train models, conduct statistical analysis, and communicate findings to drive data-driven decision-making in the organization.",Apply machine learning algorithms and statistical techniques to extract insights from large datasets. Develop predictive models. Conduct data experiments and A/B testing.,Peru
1726051603596631,Data Analyst,Data Scientist,2 to 13 Years,BCA,"Machine learning algorithms and libraries (e.g., scikit-learn, TensorFlow, PyTorch) Statistical analysis and modeling Data preprocessing and cleaning Big data technologies (e.g., Hadoop, Spark) Data visualization Strong programming skills (Python, R)","Data Scientists use their expertise in data analysis and machine learning to extract valuable insights and predictions from data. They build and train models, conduct statistical analysis, and communicate findings to drive data-driven decision-making in the organization.",Apply machine learning algorithms and statistical techniques to extract insights from large datasets. Develop predictive models. Conduct data experiments and A/B testing.,Montenegro
2788654876339226,Data Analyst,Data Scientist,0 to 14 Years,BA,"Machine learning algorithms and libraries (e.g., scikit-learn, TensorFlow, PyTorch) Statistical analysis and modeling Data preprocessing and cleaning Big data technologies (e.g., Hadoop, Spark) Data visualization Strong programming skills (Python, R)","Data Scientists use their expertise in data analysis and machine learning to extract valuable insights and predictions from data. They build and train models, conduct statistical analysis, and communicate findings to drive data-driven decision-making in the organization.",Apply machine learning algorithms and statistical techniques to extract insights from large datasets. Develop predictive models. Conduct data experiments and A/B testing.,Uzbekistan
2412684753785821,Data Analyst,Data Scientist,0 to 12 Years,B.Com,"Machine learning algorithms and libraries (e.g., scikit-learn, TensorFlow, PyTorch) Statistical analysis and modeling Data preprocessing and cleaning Big data technologies (e.g., Hadoop, Spark) Data visualization Strong programming skills (Python, R)","Data Scientists use their expertise in data analysis and machine learning to extract valuable insights and predictions from data. They build and train models, conduct statistical analysis, and communicate findings to drive data-driven decision-making in the organization.",Apply machine learning algorithms and statistical techniques to extract insights from large datasets. Develop predictive models. Conduct data experiments and A/B testing.,Turks and Caicos Islands
1276025873847284,Data Analyst,Data Scientist,5 to 12 Years,BCA,"Machine learning algorithms and libraries (e.g., scikit-learn, TensorFlow, PyTorch) Statistical analysis and modeling Data preprocessing and cleaning Big data technologies (e.g., Hadoop, Spark) Data visualization Strong programming skills (Python, R)","Data Scientists use their expertise in data analysis and machine learning to extract valuable insights and predictions from data. They build and train models, conduct statistical analysis, and communicate findings to drive data-driven decision-making in the organization.",Apply machine learning algorithms and statistical techniques to extract insights from large datasets. Develop predictive models. Conduct data experiments and A/B testing.,Russia
348188573413814,Data Analyst,Data Scientist,1 to 12 Years,BCA,"Machine learning algorithms and libraries (e.g., scikit-learn, TensorFlow, PyTorch) Statistical analysis and modeling Data preprocessing and cleaning Big data technologies (e.g., Hadoop, Spark) Data visualization Strong programming skills (Python, R)","Data Scientists use their expertise in data analysis and machine learning to extract valuable insights and predictions from data. They build and train models, conduct statistical analysis, and communicate findings to drive data-driven decision-making in the organization.",Apply machine learning algorithms and statistical techniques to extract insights from large datasets. Develop predictive models. Conduct data experiments and A/B testing.,Lithuania
2816596789132913,Data Analyst,Data Scientist,1 to 11 Years,BBA,"Machine learning algorithms and libraries (e.g., scikit-learn, TensorFlow, PyTorch) Statistical analysis and modeling Data preprocessing and cleaning Big data technologies (e.g., Hadoop, Spark) Data visualization Strong programming skills (Python, R)","Data Scientists use their expertise in data analysis and machine learning to extract valuable insights and predictions from data. They build and train models, conduct statistical analysis, and communicate findings to drive data-driven decision-making in the organization.",Apply machine learning algorithms and statistical techniques to extract insights from large datasets. Develop predictive models. Conduct data experiments and A/B testing.,Indonesia
1971250968757226,Data Analyst,Data Scientist,5 to 13 Years,B.Tech,"Machine learning algorithms and libraries (e.g., scikit-learn, TensorFlow, PyTorch) Statistical analysis and modeling Data preprocessing and cleaning Big data technologies (e.g., Hadoop, Spark) Data visualization Strong programming skills (Python, R)","Data Scientists use their expertise in data analysis and machine learning to extract valuable insights and predictions from data. They build and train models, conduct statistical analysis, and communicate findings to drive data-driven decision-making in the organization.",Apply machine learning algorithms and statistical techniques to extract insights from large datasets. Develop predictive models. Conduct data experiments and A/B testing.,Samoa
965040645224480,Data Analyst,Data Scientist,1 to 14 Years,BCA,"Machine learning algorithms and libraries (e.g., scikit-learn, TensorFlow, PyTorch) Statistical analysis and modeling Data preprocessing and cleaning Big data technologies (e.g., Hadoop, Spark) Data visualization Strong programming skills (Python, R)","Data Scientists use their expertise in data analysis and machine learning to extract valuable insights and predictions from data. They build and train models, conduct statistical analysis, and communicate findings to drive data-driven decision-making in the organization.",Apply machine learning algorithms and statistical techniques to extract insights from large datasets. Develop predictive models. Conduct data experiments and A/B testing.,Afghanistan
3050597060714355,Data Analyst,Data Scientist,2 to 8 Years,B.Tech,"Machine learning algorithms and libraries (e.g., scikit-learn, TensorFlow, PyTorch) Statistical analysis and modeling Data preprocessing and cleaning Big data technologies (e.g., Hadoop, Spark) Data visualization Strong programming skills (Python, R)","Data Scientists use their expertise in data analysis and machine learning to extract valuable insights and predictions from data. They build and train models, conduct statistical analysis, and communicate findings to drive data-driven decision-making in the organization.",Apply machine learning algorithms and statistical techniques to extract insights from large datasets. Develop predictive models. Conduct data experiments and A/B testing.,Finland
1360938414520468,Data Analyst,Data Scientist,1 to 8 Years,BA,"Machine learning algorithms and libraries (e.g., scikit-learn, TensorFlow, PyTorch) Statistical analysis and modeling Data preprocessing and cleaning Big data technologies (e.g., Hadoop, Spark) Data visualization Strong programming skills (Python, R)","Data Scientists use their expertise in data analysis and machine learning to extract valuable insights and predictions from data. They build and train models, conduct statistical analysis, and communicate findings to drive data-driven decision-making in the organization.",Apply machine learning algorithms and statistical techniques to extract insights from large datasets. Develop predictive models. Conduct data experiments and A/B testing.,Kuwait
2674090638291396,Data Analyst,Data Scientist,2 to 12 Years,BBA,"Machine learning algorithms and libraries (e.g., scikit-learn, TensorFlow, PyTorch) Statistical analysis and modeling Data preprocessing and cleaning Big data technologies (e.g., Hadoop, Spark) Data visualization Strong programming skills (Python, R)","Data Scientists use their expertise in data analysis and machine learning to extract valuable insights and predictions from data. They build and train models, conduct statistical analysis, and communicate findings to drive data-driven decision-making in the organization.",Apply machine learning algorithms and statistical techniques to extract insights from large datasets. Develop predictive models. Conduct data experiments and A/B testing.,Ethiopia
2800266500379532,Data Analyst,Data Scientist,0 to 8 Years,BCA,"Machine learning algorithms and libraries (e.g., scikit-learn, TensorFlow, PyTorch) Statistical analysis and modeling Data preprocessing and cleaning Big data technologies (e.g., Hadoop, Spark) Data visualization Strong programming skills (Python, R)","Data Scientists use their expertise in data analysis and machine learning to extract valuable insights and predictions from data. They build and train models, conduct statistical analysis, and communicate findings to drive data-driven decision-making in the organization.",Apply machine learning algorithms and statistical techniques to extract insights from large datasets. Develop predictive models. Conduct data experiments and A/B testing.,Guinea
834308086847333,Data Analyst,Data Scientist,5 to 11 Years,BBA,"Machine learning algorithms and libraries (e.g., scikit-learn, TensorFlow, PyTorch) Statistical analysis and modeling Data preprocessing and cleaning Big data technologies (e.g., Hadoop, Spark) Data visualization Strong programming skills (Python, R)","Data Scientists use their expertise in data analysis and machine learning to extract valuable insights and predictions from data. They build and train models, conduct statistical analysis, and communicate findings to drive data-driven decision-making in the organization.",Apply machine learning algorithms and statistical techniques to extract insights from large datasets. Develop predictive models. Conduct data experiments and A/B testing.,UK
3075355901709049,Data Analyst,Data Scientist,5 to 15 Years,PhD,"Machine learning algorithms and libraries (e.g., scikit-learn, TensorFlow, PyTorch) Statistical analysis and modeling Data preprocessing and cleaning Big data technologies (e.g., Hadoop, Spark) Data visualization Strong programming skills (Python, R)","Data Scientists use their expertise in data analysis and machine learning to extract valuable insights and predictions from data. They build and train models, conduct statistical analysis, and communicate findings to drive data-driven decision-making in the organization.",Apply machine learning algorithms and statistical techniques to extract insights from large datasets. Develop predictive models. Conduct data experiments and A/B testing.,Malta
1183806464668447,Data Analyst,Data Scientist,0 to 11 Years,B.Com,"Machine learning algorithms and libraries (e.g., scikit-learn, TensorFlow, PyTorch) Statistical analysis and modeling Data preprocessing and cleaning Big data technologies (e.g., Hadoop, Spark) Data visualization Strong programming skills (Python, R)","Data Scientists use their expertise in data analysis and machine learning to extract valuable insights and predictions from data. They build and train models, conduct statistical analysis, and communicate findings to drive data-driven decision-making in the organization.",Apply machine learning algorithms and statistical techniques to extract insights from large datasets. Develop predictive models. Conduct data experiments and A/B testing.,Ecuador
1129682602555830,Data Analyst,Data Scientist,2 to 15 Years,MCA,"Machine learning algorithms and libraries (e.g., scikit-learn, TensorFlow, PyTorch) Statistical analysis and modeling Data preprocessing and cleaning Big data technologies (e.g., Hadoop, Spark) Data visualization Strong programming skills (Python, R)","Data Scientists use their expertise in data analysis and machine learning to extract valuable insights and predictions from data. They build and train models, conduct statistical analysis, and communicate findings to drive data-driven decision-making in the organization.",Apply machine learning algorithms and statistical techniques to extract insights from large datasets. Develop predictive models. Conduct data experiments and A/B testing.,Jordan
1870356733111279,Data Analyst,Data Scientist,3 to 10 Years,MBA,"Machine learning algorithms and libraries (e.g., scikit-learn, TensorFlow, PyTorch) Statistical analysis and modeling Data preprocessing and cleaning Big data technologies (e.g., Hadoop, Spark) Data visualization Strong programming skills (Python, R)","Data Scientists use their expertise in data analysis and machine learning to extract valuable insights and predictions from data. They build and train models, conduct statistical analysis, and communicate findings to drive data-driven decision-making in the organization.",Apply machine learning algorithms and statistical techniques to extract insights from large datasets. Develop predictive models. Conduct data experiments and A/B testing.,Netherlands
1529645755839847,Data Analyst,Data Scientist,0 to 11 Years,BBA,"Machine learning algorithms and libraries (e.g., scikit-learn, TensorFlow, PyTorch) Statistical analysis and modeling Data preprocessing and cleaning Big data technologies (e.g., Hadoop, Spark) Data visualization Strong programming skills (Python, R)","Data Scientists use their expertise in data analysis and machine learning to extract valuable insights and predictions from data. They build and train models, conduct statistical analysis, and communicate findings to drive data-driven decision-making in the organization.",Apply machine learning algorithms and statistical techniques to extract insights from large datasets. Develop predictive models. Conduct data experiments and A/B testing.,British Virgin Islands
1246264640969177,Data Analyst,Data Scientist,1 to 14 Years,M.Tech,"Machine learning algorithms and libraries (e.g., scikit-learn, TensorFlow, PyTorch) Statistical analysis and modeling Data preprocessing and cleaning Big data technologies (e.g., Hadoop, Spark) Data visualization Strong programming skills (Python, R)","Data Scientists use their expertise in data analysis and machine learning to extract valuable insights and predictions from data. They build and train models, conduct statistical analysis, and communicate findings to drive data-driven decision-making in the organization.",Apply machine learning algorithms and statistical techniques to extract insights from large datasets. Develop predictive models. Conduct data experiments and A/B testing.,Montenegro
28532027437147,Data Analyst,Data Scientist,1 to 12 Years,M.Tech,"Machine learning algorithms and libraries (e.g., scikit-learn, TensorFlow, PyTorch) Statistical analysis and modeling Data preprocessing and cleaning Big data technologies (e.g., Hadoop, Spark) Data visualization Strong programming skills (Python, R)","Data Scientists use their expertise in data analysis and machine learning to extract valuable insights and predictions from data. They build and train models, conduct statistical analysis, and communicate findings to drive data-driven decision-making in the organization.",Apply machine learning algorithms and statistical techniques to extract insights from large datasets. Develop predictive models. Conduct data experiments and A/B testing.,Turkey
905716322085839,Data Analyst,Data Scientist,3 to 11 Years,M.Tech,"Machine learning algorithms and libraries (e.g., scikit-learn, TensorFlow, PyTorch) Statistical analysis and modeling Data preprocessing and cleaning Big data technologies (e.g., Hadoop, Spark) Data visualization Strong programming skills (Python, R)","Data Scientists use their expertise in data analysis and machine learning to extract valuable insights and predictions from data. They build and train models, conduct statistical analysis, and communicate findings to drive data-driven decision-making in the organization.",Apply machine learning algorithms and statistical techniques to extract insights from large datasets. Develop predictive models. Conduct data experiments and A/B testing.,Denmark
1030456237773246,Data Analyst,Data Scientist,0 to 10 Years,BCA,"Machine learning algorithms and libraries (e.g., scikit-learn, TensorFlow, PyTorch) Statistical analysis and modeling Data preprocessing and cleaning Big data technologies (e.g., Hadoop, Spark) Data visualization Strong programming skills (Python, R)","Data Scientists use their expertise in data analysis and machine learning to extract valuable insights and predictions from data. They build and train models, conduct statistical analysis, and communicate findings to drive data-driven decision-making in the organization.",Apply machine learning algorithms and statistical techniques to extract insights from large datasets. Develop predictive models. Conduct data experiments and A/B testing.,Bulgaria
2055763080862932,Data Analyst,Data Scientist,2 to 15 Years,M.Com,"Machine learning algorithms and libraries (e.g., scikit-learn, TensorFlow, PyTorch) Statistical analysis and modeling Data preprocessing and cleaning Big data technologies (e.g., Hadoop, Spark) Data visualization Strong programming skills (Python, R)","Data Scientists use their expertise in data analysis and machine learning to extract valuable insights and predictions from data. They build and train models, conduct statistical analysis, and communicate findings to drive data-driven decision-making in the organization.",Apply machine learning algorithms and statistical techniques to extract insights from large datasets. Develop predictive models. Conduct data experiments and A/B testing.,Gibraltar
3088172922828604,Data Analyst,Data Scientist,5 to 8 Years,BCA,"Machine learning algorithms and libraries (e.g., scikit-learn, TensorFlow, PyTorch) Statistical analysis and modeling Data preprocessing and cleaning Big data technologies (e.g., Hadoop, Spark) Data visualization Strong programming skills (Python, R)","Data Scientists use their expertise in data analysis and machine learning to extract valuable insights and predictions from data. They build and train models, conduct statistical analysis, and communicate findings to drive data-driven decision-making in the organization.",Apply machine learning algorithms and statistical techniques to extract insights from large datasets. Develop predictive models. Conduct data experiments and A/B testing.,Canada
78439155355885,Data Analyst,Data Scientist,2 to 15 Years,BCA,"Machine learning algorithms and libraries (e.g., scikit-learn, TensorFlow, PyTorch) Statistical analysis and modeling Data preprocessing and cleaning Big data technologies (e.g., Hadoop, Spark) Data visualization Strong programming skills (Python, R)","Data Scientists use their expertise in data analysis and machine learning to extract valuable insights and predictions from data. They build and train models, conduct statistical analysis, and communicate findings to drive data-driven decision-making in the organization.",Apply machine learning algorithms and statistical techniques to extract insights from large datasets. Develop predictive models. Conduct data experiments and A/B testing.,Togo
582062984149183,Data Analyst,Data Scientist,5 to 11 Years,PhD,"Machine learning algorithms and libraries (e.g., scikit-learn, TensorFlow, PyTorch) Statistical analysis and modeling Data preprocessing and cleaning Big data technologies (e.g., Hadoop, Spark) Data visualization Strong programming skills (Python, R)","Data Scientists use their expertise in data analysis and machine learning to extract valuable insights and predictions from data. They build and train models, conduct statistical analysis, and communicate findings to drive data-driven decision-making in the organization.",Apply machine learning algorithms and statistical techniques to extract insights from large datasets. Develop predictive models. Conduct data experiments and A/B testing.,Jamaica
2101748670189933,Data Analyst,Data Scientist,0 to 9 Years,B.Tech,"Machine learning algorithms and libraries (e.g., scikit-learn, TensorFlow, PyTorch) Statistical analysis and modeling Data preprocessing and cleaning Big data technologies (e.g., Hadoop, Spark) Data visualization Strong programming skills (Python, R)","Data Scientists use their expertise in data analysis and machine learning to extract valuable insights and predictions from data. They build and train models, conduct statistical analysis, and communicate findings to drive data-driven decision-making in the organization.",Apply machine learning algorithms and statistical techniques to extract insights from large datasets. Develop predictive models. Conduct data experiments and A/B testing.,Angola
495174562384256,Data Analyst,Data Scientist,0 to 10 Years,B.Com,"Machine learning algorithms and libraries (e.g., scikit-learn, TensorFlow, PyTorch) Statistical analysis and modeling Data preprocessing and cleaning Big data technologies (e.g., Hadoop, Spark) Data visualization Strong programming skills (Python, R)","Data Scientists use their expertise in data analysis and machine learning to extract valuable insights and predictions from data. They build and train models, conduct statistical analysis, and communicate findings to drive data-driven decision-making in the organization.",Apply machine learning algorithms and statistical techniques to extract insights from large datasets. Develop predictive models. Conduct data experiments and A/B testing.,Nicaragua
1520402834072817,Data Analyst,Data Scientist,5 to 8 Years,B.Com,"Machine learning algorithms and libraries (e.g., scikit-learn, TensorFlow, PyTorch) Statistical analysis and modeling Data preprocessing and cleaning Big data technologies (e.g., Hadoop, Spark) Data visualization Strong programming skills (Python, R)","Data Scientists use their expertise in data analysis and machine learning to extract valuable insights and predictions from data. They build and train models, conduct statistical analysis, and communicate findings to drive data-driven decision-making in the organization.",Apply machine learning algorithms and statistical techniques to extract insights from large datasets. Develop predictive models. Conduct data experiments and A/B testing.,Trinidad and Tobago
1990495983450511,Data Analyst,Data Scientist,2 to 12 Years,BA,"Machine learning algorithms and libraries (e.g., scikit-learn, TensorFlow, PyTorch) Statistical analysis and modeling Data preprocessing and cleaning Big data technologies (e.g., Hadoop, Spark) Data visualization Strong programming skills (Python, R)","Data Scientists use their expertise in data analysis and machine learning to extract valuable insights and predictions from data. They build and train models, conduct statistical analysis, and communicate findings to drive data-driven decision-making in the organization.",Apply machine learning algorithms and statistical techniques to extract insights from large datasets. Develop predictive models. Conduct data experiments and A/B testing.,Andorra
1471617452871135,Data Analyst,Data Scientist,4 to 11 Years,B.Tech,"Machine learning algorithms and libraries (e.g., scikit-learn, TensorFlow, PyTorch) Statistical analysis and modeling Data preprocessing and cleaning Big data technologies (e.g., Hadoop, Spark) Data visualization Strong programming skills (Python, R)","Data Scientists use their expertise in data analysis and machine learning to extract valuable insights and predictions from data. They build and train models, conduct statistical analysis, and communicate findings to drive data-driven decision-making in the organization.",Apply machine learning algorithms and statistical techniques to extract insights from large datasets. Develop predictive models. Conduct data experiments and A/B testing.,North Korea
491381258308607,Data Analyst,Data Scientist,1 to 14 Years,MCA,"Machine learning algorithms and libraries (e.g., scikit-learn, TensorFlow, PyTorch) Statistical analysis and modeling Data preprocessing and cleaning Big data technologies (e.g., Hadoop, Spark) Data visualization Strong programming skills (Python, R)","Data Scientists use their expertise in data analysis and machine learning to extract valuable insights and predictions from data. They build and train models, conduct statistical analysis, and communicate findings to drive data-driven decision-making in the organization.",Apply machine learning algorithms and statistical techniques to extract insights from large datasets. Develop predictive models. Conduct data experiments and A/B testing.,Romania
670208380555537,Data Analyst,Data Scientist,5 to 12 Years,BBA,"Machine learning algorithms and libraries (e.g., scikit-learn, TensorFlow, PyTorch) Statistical analysis and modeling Data preprocessing and cleaning Big data technologies (e.g., Hadoop, Spark) Data visualization Strong programming skills (Python, R)","Data Scientists use their expertise in data analysis and machine learning to extract valuable insights and predictions from data. They build and train models, conduct statistical analysis, and communicate findings to drive data-driven decision-making in the organization.",Apply machine learning algorithms and statistical techniques to extract insights from large datasets. Develop predictive models. Conduct data experiments and A/B testing.,Democratic Republic Of Congo
1102607981058568,Data Analyst,Data Scientist,0 to 8 Years,BA,"Machine learning algorithms and libraries (e.g., scikit-learn, TensorFlow, PyTorch) Statistical analysis and modeling Data preprocessing and cleaning Big data technologies (e.g., Hadoop, Spark) Data visualization Strong programming skills (Python, R)","Data Scientists use their expertise in data analysis and machine learning to extract valuable insights and predictions from data. They build and train models, conduct statistical analysis, and communicate findings to drive data-driven decision-making in the organization.",Apply machine learning algorithms and statistical techniques to extract insights from large datasets. Develop predictive models. Conduct data experiments and A/B testing.,Nauru
893878848596780,Data Analyst,Data Scientist,3 to 12 Years,M.Tech,"Machine learning algorithms and libraries (e.g., scikit-learn, TensorFlow, PyTorch) Statistical analysis and modeling Data preprocessing and cleaning Big data technologies (e.g., Hadoop, Spark) Data visualization Strong programming skills (Python, R)","Data Scientists use their expertise in data analysis and machine learning to extract valuable insights and predictions from data. They build and train models, conduct statistical analysis, and communicate findings to drive data-driven decision-making in the organization.",Apply machine learning algorithms and statistical techniques to extract insights from large datasets. Develop predictive models. Conduct data experiments and A/B testing.,Slovenia
359346589869665,Data Analyst,Data Scientist,1 to 8 Years,MBA,"Machine learning algorithms and libraries (e.g., scikit-learn, TensorFlow, PyTorch) Statistical analysis and modeling Data preprocessing and cleaning Big data technologies (e.g., Hadoop, Spark) Data visualization Strong programming skills (Python, R)","Data Scientists use their expertise in data analysis and machine learning to extract valuable insights and predictions from data. They build and train models, conduct statistical analysis, and communicate findings to drive data-driven decision-making in the organization.",Apply machine learning algorithms and statistical techniques to extract insights from large datasets. Develop predictive models. Conduct data experiments and A/B testing.,Eritrea
231582137462718,Data Analyst,Data Scientist,2 to 15 Years,BBA,"Machine learning algorithms and libraries (e.g., scikit-learn, TensorFlow, PyTorch) Statistical analysis and modeling Data preprocessing and cleaning Big data technologies (e.g., Hadoop, Spark) Data visualization Strong programming skills (Python, R)","Data Scientists use their expertise in data analysis and machine learning to extract valuable insights and predictions from data. They build and train models, conduct statistical analysis, and communicate findings to drive data-driven decision-making in the organization.",Apply machine learning algorithms and statistical techniques to extract insights from large datasets. Develop predictive models. Conduct data experiments and A/B testing.,Spain
732286475564923,Data Analyst,Data Scientist,3 to 12 Years,PhD,"Machine learning algorithms and libraries (e.g., scikit-learn, TensorFlow, PyTorch) Statistical analysis and modeling Data preprocessing and cleaning Big data technologies (e.g., Hadoop, Spark) Data visualization Strong programming skills (Python, R)","Data Scientists use their expertise in data analysis and machine learning to extract valuable insights and predictions from data. They build and train models, conduct statistical analysis, and communicate findings to drive data-driven decision-making in the organization.",Apply machine learning algorithms and statistical techniques to extract insights from large datasets. Develop predictive models. Conduct data experiments and A/B testing.,Faroe Islands
2854331323376520,Data Analyst,Data Scientist,2 to 12 Years,MBA,"Machine learning algorithms and libraries (e.g., scikit-learn, TensorFlow, PyTorch) Statistical analysis and modeling Data preprocessing and cleaning Big data technologies (e.g., Hadoop, Spark) Data visualization Strong programming skills (Python, R)","Data Scientists use their expertise in data analysis and machine learning to extract valuable insights and predictions from data. They build and train models, conduct statistical analysis, and communicate findings to drive data-driven decision-making in the organization.",Apply machine learning algorithms and statistical techniques to extract insights from large datasets. Develop predictive models. Conduct data experiments and A/B testing.,Samoa
2846983974415835,Data Analyst,Data Scientist,2 to 15 Years,M.Tech,"Machine learning algorithms and libraries (e.g., scikit-learn, TensorFlow, PyTorch) Statistical analysis and modeling Data preprocessing and cleaning Big data technologies (e.g., Hadoop, Spark) Data visualization Strong programming skills (Python, R)","Data Scientists use their expertise in data analysis and machine learning to extract valuable insights and predictions from data. They build and train models, conduct statistical analysis, and communicate findings to drive data-driven decision-making in the organization.",Apply machine learning algorithms and statistical techniques to extract insights from large datasets. Develop predictive models. Conduct data experiments and A/B testing.,Sint Maarten (Dutch part)
2856447130794282,Data Analyst,Data Scientist,2 to 12 Years,BCA,"Machine learning algorithms and libraries (e.g., scikit-learn, TensorFlow, PyTorch) Statistical analysis and modeling Data preprocessing and cleaning Big data technologies (e.g., Hadoop, Spark) Data visualization Strong programming skills (Python, R)","Data Scientists use their expertise in data analysis and machine learning to extract valuable insights and predictions from data. They build and train models, conduct statistical analysis, and communicate findings to drive data-driven decision-making in the organization.",Apply machine learning algorithms and statistical techniques to extract insights from large datasets. Develop predictive models. Conduct data experiments and A/B testing.,Hungary
1764662103386644,Data Analyst,Data Scientist,1 to 12 Years,PhD,"Machine learning algorithms and libraries (e.g., scikit-learn, TensorFlow, PyTorch) Statistical analysis and modeling Data preprocessing and cleaning Big data technologies (e.g., Hadoop, Spark) Data visualization Strong programming skills (Python, R)","Data Scientists use their expertise in data analysis and machine learning to extract valuable insights and predictions from data. They build and train models, conduct statistical analysis, and communicate findings to drive data-driven decision-making in the organization.",Apply machine learning algorithms and statistical techniques to extract insights from large datasets. Develop predictive models. Conduct data experiments and A/B testing.,Morocco
1534307611375388,Data Analyst,Data Scientist,4 to 8 Years,MBA,"Machine learning algorithms and libraries (e.g., scikit-learn, TensorFlow, PyTorch) Statistical analysis and modeling Data preprocessing and cleaning Big data technologies (e.g., Hadoop, Spark) Data visualization Strong programming skills (Python, R)","Data Scientists use their expertise in data analysis and machine learning to extract valuable insights and predictions from data. They build and train models, conduct statistical analysis, and communicate findings to drive data-driven decision-making in the organization.",Apply machine learning algorithms and statistical techniques to extract insights from large datasets. Develop predictive models. Conduct data experiments and A/B testing.,Thailand
2753893520584464,Data Analyst,Data Scientist,3 to 10 Years,BCA,"Machine learning algorithms and libraries (e.g., scikit-learn, TensorFlow, PyTorch) Statistical analysis and modeling Data preprocessing and cleaning Big data technologies (e.g., Hadoop, Spark) Data visualization Strong programming skills (Python, R)","Data Scientists use their expertise in data analysis and machine learning to extract valuable insights and predictions from data. They build and train models, conduct statistical analysis, and communicate findings to drive data-driven decision-making in the organization.",Apply machine learning algorithms and statistical techniques to extract insights from large datasets. Develop predictive models. Conduct data experiments and A/B testing.,Uzbekistan
1391974838128921,Data Analyst,Data Scientist,0 to 15 Years,BCA,"Machine learning algorithms and libraries (e.g., scikit-learn, TensorFlow, PyTorch) Statistical analysis and modeling Data preprocessing and cleaning Big data technologies (e.g., Hadoop, Spark) Data visualization Strong programming skills (Python, R)","Data Scientists use their expertise in data analysis and machine learning to extract valuable insights and predictions from data. They build and train models, conduct statistical analysis, and communicate findings to drive data-driven decision-making in the organization.",Apply machine learning algorithms and statistical techniques to extract insights from large datasets. Develop predictive models. Conduct data experiments and A/B testing.,Senegal
327119451078377,Data Analyst,Data Scientist,4 to 14 Years,B.Com,"Machine learning algorithms and libraries (e.g., scikit-learn, TensorFlow, PyTorch) Statistical analysis and modeling Data preprocessing and cleaning Big data technologies (e.g., Hadoop, Spark) Data visualization Strong programming skills (Python, R)","Data Scientists use their expertise in data analysis and machine learning to extract valuable insights and predictions from data. They build and train models, conduct statistical analysis, and communicate findings to drive data-driven decision-making in the organization.",Apply machine learning algorithms and statistical techniques to extract insights from large datasets. Develop predictive models. Conduct data experiments and A/B testing.,"Bahamas, The"
1173922858589868,Data Analyst,Data Scientist,4 to 13 Years,BCA,"Machine learning algorithms and libraries (e.g., scikit-learn, TensorFlow, PyTorch) Statistical analysis and modeling Data preprocessing and cleaning Big data technologies (e.g., Hadoop, Spark) Data visualization Strong programming skills (Python, R)","Data Scientists use their expertise in data analysis and machine learning to extract valuable insights and predictions from data. They build and train models, conduct statistical analysis, and communicate findings to drive data-driven decision-making in the organization.",Apply machine learning algorithms and statistical techniques to extract insights from large datasets. Develop predictive models. Conduct data experiments and A/B testing.,UK
1490303296654306,Data Analyst,Data Scientist,3 to 15 Years,PhD,"Machine learning algorithms and libraries (e.g., scikit-learn, TensorFlow, PyTorch) Statistical analysis and modeling Data preprocessing and cleaning Big data technologies (e.g., Hadoop, Spark) Data visualization Strong programming skills (Python, R)","Data Scientists use their expertise in data analysis and machine learning to extract valuable insights and predictions from data. They build and train models, conduct statistical analysis, and communicate findings to drive data-driven decision-making in the organization.",Apply machine learning algorithms and statistical techniques to extract insights from large datasets. Develop predictive models. Conduct data experiments and A/B testing.,Israel
2938937983027760,Data Analyst,Data Scientist,2 to 10 Years,BCA,"Machine learning algorithms and libraries (e.g., scikit-learn, TensorFlow, PyTorch) Statistical analysis and modeling Data preprocessing and cleaning Big data technologies (e.g., Hadoop, Spark) Data visualization Strong programming skills (Python, R)","Data Scientists use their expertise in data analysis and machine learning to extract valuable insights and predictions from data. They build and train models, conduct statistical analysis, and communicate findings to drive data-driven decision-making in the organization.",Apply machine learning algorithms and statistical techniques to extract insights from large datasets. Develop predictive models. Conduct data experiments and A/B testing.,"Macao SAR, China"
547449855935223,Data Analyst,Data Scientist,0 to 8 Years,BA,"Machine learning algorithms and libraries (e.g., scikit-learn, TensorFlow, PyTorch) Statistical analysis and modeling Data preprocessing and cleaning Big data technologies (e.g., Hadoop, Spark) Data visualization Strong programming skills (Python, R)","Data Scientists use their expertise in data analysis and machine learning to extract valuable insights and predictions from data. They build and train models, conduct statistical analysis, and communicate findings to drive data-driven decision-making in the organization.",Apply machine learning algorithms and statistical techniques to extract insights from large datasets. Develop predictive models. Conduct data experiments and A/B testing.,Chad
6656397485090,Data Analyst,Data Scientist,1 to 14 Years,PhD,"Machine learning algorithms and libraries (e.g., scikit-learn, TensorFlow, PyTorch) Statistical analysis and modeling Data preprocessing and cleaning Big data technologies (e.g., Hadoop, Spark) Data visualization Strong programming skills (Python, R)","Data Scientists use their expertise in data analysis and machine learning to extract valuable insights and predictions from data. They build and train models, conduct statistical analysis, and communicate findings to drive data-driven decision-making in the organization.",Apply machine learning algorithms and statistical techniques to extract insights from large datasets. Develop predictive models. Conduct data experiments and A/B testing.,Nepal
600899203448570,Data Analyst,Data Scientist,0 to 10 Years,BBA,"Machine learning algorithms and libraries (e.g., scikit-learn, TensorFlow, PyTorch) Statistical analysis and modeling Data preprocessing and cleaning Big data technologies (e.g., Hadoop, Spark) Data visualization Strong programming skills (Python, R)","Data Scientists use their expertise in data analysis and machine learning to extract valuable insights and predictions from data. They build and train models, conduct statistical analysis, and communicate findings to drive data-driven decision-making in the organization.",Apply machine learning algorithms and statistical techniques to extract insights from large datasets. Develop predictive models. Conduct data experiments and A/B testing.,Curacao
2733290084486043,Data Analyst,Data Scientist,0 to 10 Years,MBA,"Machine learning algorithms and libraries (e.g., scikit-learn, TensorFlow, PyTorch) Statistical analysis and modeling Data preprocessing and cleaning Big data technologies (e.g., Hadoop, Spark) Data visualization Strong programming skills (Python, R)","Data Scientists use their expertise in data analysis and machine learning to extract valuable insights and predictions from data. They build and train models, conduct statistical analysis, and communicate findings to drive data-driven decision-making in the organization.",Apply machine learning algorithms and statistical techniques to extract insights from large datasets. Develop predictive models. Conduct data experiments and A/B testing.,Sri Lanka
1321948541080000,Data Analyst,Data Scientist,2 to 12 Years,B.Tech,"Machine learning algorithms and libraries (e.g., scikit-learn, TensorFlow, PyTorch) Statistical analysis and modeling Data preprocessing and cleaning Big data technologies (e.g., Hadoop, Spark) Data visualization Strong programming skills (Python, R)","Data Scientists use their expertise in data analysis and machine learning to extract valuable insights and predictions from data. They build and train models, conduct statistical analysis, and communicate findings to drive data-driven decision-making in the organization.",Apply machine learning algorithms and statistical techniques to extract insights from large datasets. Develop predictive models. Conduct data experiments and A/B testing.,Liechtenstein
105626268040823,Data Analyst,Data Scientist,3 to 12 Years,BA,"Machine learning algorithms and libraries (e.g., scikit-learn, TensorFlow, PyTorch) Statistical analysis and modeling Data preprocessing and cleaning Big data technologies (e.g., Hadoop, Spark) Data visualization Strong programming skills (Python, R)","Data Scientists use their expertise in data analysis and machine learning to extract valuable insights and predictions from data. They build and train models, conduct statistical analysis, and communicate findings to drive data-driven decision-making in the organization.",Apply machine learning algorithms and statistical techniques to extract insights from large datasets. Develop predictive models. Conduct data experiments and A/B testing.,Central African Republic
435605541971749,Data Analyst,Data Scientist,2 to 11 Years,M.Tech,"Machine learning algorithms and libraries (e.g., scikit-learn, TensorFlow, PyTorch) Statistical analysis and modeling Data preprocessing and cleaning Big data technologies (e.g., Hadoop, Spark) Data visualization Strong programming skills (Python, R)","Data Scientists use their expertise in data analysis and machine learning to extract valuable insights and predictions from data. They build and train models, conduct statistical analysis, and communicate findings to drive data-driven decision-making in the organization.",Apply machine learning algorithms and statistical techniques to extract insights from large datasets. Develop predictive models. Conduct data experiments and A/B testing.,Guam
1421563262268273,Data Analyst,Data Scientist,1 to 11 Years,M.Tech,"Machine learning algorithms and libraries (e.g., scikit-learn, TensorFlow, PyTorch) Statistical analysis and modeling Data preprocessing and cleaning Big data technologies (e.g., Hadoop, Spark) Data visualization Strong programming skills (Python, R)","Data Scientists use their expertise in data analysis and machine learning to extract valuable insights and predictions from data. They build and train models, conduct statistical analysis, and communicate findings to drive data-driven decision-making in the organization.",Apply machine learning algorithms and statistical techniques to extract insights from large datasets. Develop predictive models. Conduct data experiments and A/B testing.,Antigua and Barbuda
1207626618649698,Data Analyst,Data Scientist,5 to 12 Years,MCA,"Machine learning algorithms and libraries (e.g., scikit-learn, TensorFlow, PyTorch) Statistical analysis and modeling Data preprocessing and cleaning Big data technologies (e.g., Hadoop, Spark) Data visualization Strong programming skills (Python, R)","Data Scientists use their expertise in data analysis and machine learning to extract valuable insights and predictions from data. They build and train models, conduct statistical analysis, and communicate findings to drive data-driven decision-making in the organization.",Apply machine learning algorithms and statistical techniques to extract insights from large datasets. Develop predictive models. Conduct data experiments and A/B testing.,Moldova
2215790792449089,Data Analyst,Data Scientist,5 to 9 Years,BCA,"Machine learning algorithms and libraries (e.g., scikit-learn, TensorFlow, PyTorch) Statistical analysis and modeling Data preprocessing and cleaning Big data technologies (e.g., Hadoop, Spark) Data visualization Strong programming skills (Python, R)","Data Scientists use their expertise in data analysis and machine learning to extract valuable insights and predictions from data. They build and train models, conduct statistical analysis, and communicate findings to drive data-driven decision-making in the organization.",Apply machine learning algorithms and statistical techniques to extract insights from large datasets. Develop predictive models. Conduct data experiments and A/B testing.,Myanmar
512484541504,Data Analyst,Data Scientist,3 to 8 Years,M.Tech,"Machine learning algorithms and libraries (e.g., scikit-learn, TensorFlow, PyTorch) Statistical analysis and modeling Data preprocessing and cleaning Big data technologies (e.g., Hadoop, Spark) Data visualization Strong programming skills (Python, R)","Data Scientists use their expertise in data analysis and machine learning to extract valuable insights and predictions from data. They build and train models, conduct statistical analysis, and communicate findings to drive data-driven decision-making in the organization.",Apply machine learning algorithms and statistical techniques to extract insights from large datasets. Develop predictive models. Conduct data experiments and A/B testing.,Liberia
264130690791371,Data Analyst,Data Scientist,1 to 12 Years,PhD,"Machine learning algorithms and libraries (e.g., scikit-learn, TensorFlow, PyTorch) Statistical analysis and modeling Data preprocessing and cleaning Big data technologies (e.g., Hadoop, Spark) Data visualization Strong programming skills (Python, R)","Data Scientists use their expertise in data analysis and machine learning to extract valuable insights and predictions from data. They build and train models, conduct statistical analysis, and communicate findings to drive data-driven decision-making in the organization.",Apply machine learning algorithms and statistical techniques to extract insights from large datasets. Develop predictive models. Conduct data experiments and A/B testing.,Trinidad and Tobago
2100708724598676,Data Analyst,Data Scientist,3 to 11 Years,BCA,"Machine learning algorithms and libraries (e.g., scikit-learn, TensorFlow, PyTorch) Statistical analysis and modeling Data preprocessing and cleaning Big data technologies (e.g., Hadoop, Spark) Data visualization Strong programming skills (Python, R)","Data Scientists use their expertise in data analysis and machine learning to extract valuable insights and predictions from data. They build and train models, conduct statistical analysis, and communicate findings to drive data-driven decision-making in the organization.",Apply machine learning algorithms and statistical techniques to extract insights from large datasets. Develop predictive models. Conduct data experiments and A/B testing.,China
171465440714213,Data Analyst,Data Scientist,5 to 10 Years,PhD,"Machine learning algorithms and libraries (e.g., scikit-learn, TensorFlow, PyTorch) Statistical analysis and modeling Data preprocessing and cleaning Big data technologies (e.g., Hadoop, Spark) Data visualization Strong programming skills (Python, R)","Data Scientists use their expertise in data analysis and machine learning to extract valuable insights and predictions from data. They build and train models, conduct statistical analysis, and communicate findings to drive data-driven decision-making in the organization.",Apply machine learning algorithms and statistical techniques to extract insights from large datasets. Develop predictive models. Conduct data experiments and A/B testing.,Sint Maarten (Dutch part)
1219322614823600,Data Analyst,Data Scientist,3 to 9 Years,M.Com,"Machine learning algorithms and libraries (e.g., scikit-learn, TensorFlow, PyTorch) Statistical analysis and modeling Data preprocessing and cleaning Big data technologies (e.g., Hadoop, Spark) Data visualization Strong programming skills (Python, R)","Data Scientists use their expertise in data analysis and machine learning to extract valuable insights and predictions from data. They build and train models, conduct statistical analysis, and communicate findings to drive data-driven decision-making in the organization.",Apply machine learning algorithms and statistical techniques to extract insights from large datasets. Develop predictive models. Conduct data experiments and A/B testing.,Malaysia
2408422321180136,Data Analyst,Data Scientist,5 to 12 Years,B.Tech,"Machine learning algorithms and libraries (e.g., scikit-learn, TensorFlow, PyTorch) Statistical analysis and modeling Data preprocessing and cleaning Big data technologies (e.g., Hadoop, Spark) Data visualization Strong programming skills (Python, R)","Data Scientists use their expertise in data analysis and machine learning to extract valuable insights and predictions from data. They build and train models, conduct statistical analysis, and communicate findings to drive data-driven decision-making in the organization.",Apply machine learning algorithms and statistical techniques to extract insights from large datasets. Develop predictive models. Conduct data experiments and A/B testing.,Andorra
1551788805611769,Data Analyst,Data Scientist,0 to 13 Years,MBA,"Machine learning algorithms and libraries (e.g., scikit-learn, TensorFlow, PyTorch) Statistical analysis and modeling Data preprocessing and cleaning Big data technologies (e.g., Hadoop, Spark) Data visualization Strong programming skills (Python, R)","Data Scientists use their expertise in data analysis and machine learning to extract valuable insights and predictions from data. They build and train models, conduct statistical analysis, and communicate findings to drive data-driven decision-making in the organization.",Apply machine learning algorithms and statistical techniques to extract insights from large datasets. Develop predictive models. Conduct data experiments and A/B testing.,Zambia
1812195153129338,Data Analyst,Data Scientist,0 to 15 Years,MCA,"Machine learning algorithms and libraries (e.g., scikit-learn, TensorFlow, PyTorch) Statistical analysis and modeling Data preprocessing and cleaning Big data technologies (e.g., Hadoop, Spark) Data visualization Strong programming skills (Python, R)","Data Scientists use their expertise in data analysis and machine learning to extract valuable insights and predictions from data. They build and train models, conduct statistical analysis, and communicate findings to drive data-driven decision-making in the organization.",Apply machine learning algorithms and statistical techniques to extract insights from large datasets. Develop predictive models. Conduct data experiments and A/B testing.,Grenada
2049401457937298,Data Analyst,Data Scientist,4 to 9 Years,M.Tech,"Machine learning algorithms and libraries (e.g., scikit-learn, TensorFlow, PyTorch) Statistical analysis and modeling Data preprocessing and cleaning Big data technologies (e.g., Hadoop, Spark) Data visualization Strong programming skills (Python, R)","Data Scientists use their expertise in data analysis and machine learning to extract valuable insights and predictions from data. They build and train models, conduct statistical analysis, and communicate findings to drive data-driven decision-making in the organization.",Apply machine learning algorithms and statistical techniques to extract insights from large datasets. Develop predictive models. Conduct data experiments and A/B testing.,West Bank and Gaza
2600071935396762,Data Analyst,Data Scientist,0 to 11 Years,B.Com,"Machine learning algorithms and libraries (e.g., scikit-learn, TensorFlow, PyTorch) Statistical analysis and modeling Data preprocessing and cleaning Big data technologies (e.g., Hadoop, Spark) Data visualization Strong programming skills (Python, R)","Data Scientists use their expertise in data analysis and machine learning to extract valuable insights and predictions from data. They build and train models, conduct statistical analysis, and communicate findings to drive data-driven decision-making in the organization.",Apply machine learning algorithms and statistical techniques to extract insights from large datasets. Develop predictive models. Conduct data experiments and A/B testing.,Cyprus
2553485688091082,Data Analyst,Data Scientist,0 to 11 Years,BCA,"Machine learning algorithms and libraries (e.g., scikit-learn, TensorFlow, PyTorch) Statistical analysis and modeling Data preprocessing and cleaning Big data technologies (e.g., Hadoop, Spark) Data visualization Strong programming skills (Python, R)","Data Scientists use their expertise in data analysis and machine learning to extract valuable insights and predictions from data. They build and train models, conduct statistical analysis, and communicate findings to drive data-driven decision-making in the organization.",Apply machine learning algorithms and statistical techniques to extract insights from large datasets. Develop predictive models. Conduct data experiments and A/B testing.,Turkey
43766219178091,Data Analyst,Data Scientist,5 to 13 Years,BA,"Machine learning algorithms and libraries (e.g., scikit-learn, TensorFlow, PyTorch) Statistical analysis and modeling Data preprocessing and cleaning Big data technologies (e.g., Hadoop, Spark) Data visualization Strong programming skills (Python, R)","Data Scientists use their expertise in data analysis and machine learning to extract valuable insights and predictions from data. They build and train models, conduct statistical analysis, and communicate findings to drive data-driven decision-making in the organization.",Apply machine learning algorithms and statistical techniques to extract insights from large datasets. Develop predictive models. Conduct data experiments and A/B testing.,Burundi
1150537692731763,Data Analyst,Data Scientist,1 to 10 Years,BA,"Machine learning algorithms and libraries (e.g., scikit-learn, TensorFlow, PyTorch) Statistical analysis and modeling Data preprocessing and cleaning Big data technologies (e.g., Hadoop, Spark) Data visualization Strong programming skills (Python, R)","Data Scientists use their expertise in data analysis and machine learning to extract valuable insights and predictions from data. They build and train models, conduct statistical analysis, and communicate findings to drive data-driven decision-making in the organization.",Apply machine learning algorithms and statistical techniques to extract insights from large datasets. Develop predictive models. Conduct data experiments and A/B testing.,Armenia
1857060086999355,Data Analyst,Data Scientist,4 to 14 Years,MCA,"Machine learning algorithms and libraries (e.g., scikit-learn, TensorFlow, PyTorch) Statistical analysis and modeling Data preprocessing and cleaning Big data technologies (e.g., Hadoop, Spark) Data visualization Strong programming skills (Python, R)","Data Scientists use their expertise in data analysis and machine learning to extract valuable insights and predictions from data. They build and train models, conduct statistical analysis, and communicate findings to drive data-driven decision-making in the organization.",Apply machine learning algorithms and statistical techniques to extract insights from large datasets. Develop predictive models. Conduct data experiments and A/B testing.,Kenya
2319544848434053,Data Analyst,Data Scientist,0 to 12 Years,B.Tech,"Machine learning algorithms and libraries (e.g., scikit-learn, TensorFlow, PyTorch) Statistical analysis and modeling Data preprocessing and cleaning Big data technologies (e.g., Hadoop, Spark) Data visualization Strong programming skills (Python, R)","Data Scientists use their expertise in data analysis and machine learning to extract valuable insights and predictions from data. They build and train models, conduct statistical analysis, and communicate findings to drive data-driven decision-making in the organization.",Apply machine learning algorithms and statistical techniques to extract insights from large datasets. Develop predictive models. Conduct data experiments and A/B testing.,West Bank and Gaza
1223183201342048,Data Analyst,Data Scientist,5 to 9 Years,M.Tech,"Machine learning algorithms and libraries (e.g., scikit-learn, TensorFlow, PyTorch) Statistical analysis and modeling Data preprocessing and cleaning Big data technologies (e.g., Hadoop, Spark) Data visualization Strong programming skills (Python, R)","Data Scientists use their expertise in data analysis and machine learning to extract valuable insights and predictions from data. They build and train models, conduct statistical analysis, and communicate findings to drive data-driven decision-making in the organization.",Apply machine learning algorithms and statistical techniques to extract insights from large datasets. Develop predictive models. Conduct data experiments and A/B testing.,Switzerland
1794429813327377,Data Analyst,Data Scientist,2 to 8 Years,MBA,"Machine learning algorithms and libraries (e.g., scikit-learn, TensorFlow, PyTorch) Statistical analysis and modeling Data preprocessing and cleaning Big data technologies (e.g., Hadoop, Spark) Data visualization Strong programming skills (Python, R)","Data Scientists use their expertise in data analysis and machine learning to extract valuable insights and predictions from data. They build and train models, conduct statistical analysis, and communicate findings to drive data-driven decision-making in the organization.",Apply machine learning algorithms and statistical techniques to extract insights from large datasets. Develop predictive models. Conduct data experiments and A/B testing.,Nauru
1234662668910642,Data Analyst,Data Scientist,2 to 12 Years,M.Com,"Machine learning algorithms and libraries (e.g., scikit-learn, TensorFlow, PyTorch) Statistical analysis and modeling Data preprocessing and cleaning Big data technologies (e.g., Hadoop, Spark) Data visualization Strong programming skills (Python, R)","Data Scientists use their expertise in data analysis and machine learning to extract valuable insights and predictions from data. They build and train models, conduct statistical analysis, and communicate findings to drive data-driven decision-making in the organization.",Apply machine learning algorithms and statistical techniques to extract insights from large datasets. Develop predictive models. Conduct data experiments and A/B testing.,Tonga
985187909460727,Data Analyst,Data Scientist,4 to 11 Years,M.Com,"Machine learning algorithms and libraries (e.g., scikit-learn, TensorFlow, PyTorch) Statistical analysis and modeling Data preprocessing and cleaning Big data technologies (e.g., Hadoop, Spark) Data visualization Strong programming skills (Python, R)","Data Scientists use their expertise in data analysis and machine learning to extract valuable insights and predictions from data. They build and train models, conduct statistical analysis, and communicate findings to drive data-driven decision-making in the organization.",Apply machine learning algorithms and statistical techniques to extract insights from large datasets. Develop predictive models. Conduct data experiments and A/B testing.,India
560809139546170,Data Analyst,Data Scientist,2 to 8 Years,BCA,"Machine learning algorithms and libraries (e.g., scikit-learn, TensorFlow, PyTorch) Statistical analysis and modeling Data preprocessing and cleaning Big data technologies (e.g., Hadoop, Spark) Data visualization Strong programming skills (Python, R)","Data Scientists use their expertise in data analysis and machine learning to extract valuable insights and predictions from data. They build and train models, conduct statistical analysis, and communicate findings to drive data-driven decision-making in the organization.",Apply machine learning algorithms and statistical techniques to extract insights from large datasets. Develop predictive models. Conduct data experiments and A/B testing.,Malta
1739883245736480,Data Analyst,Data Scientist,0 to 9 Years,MBA,"Machine learning algorithms and libraries (e.g., scikit-learn, TensorFlow, PyTorch) Statistical analysis and modeling Data preprocessing and cleaning Big data technologies (e.g., Hadoop, Spark) Data visualization Strong programming skills (Python, R)","Data Scientists use their expertise in data analysis and machine learning to extract valuable insights and predictions from data. They build and train models, conduct statistical analysis, and communicate findings to drive data-driven decision-making in the organization.",Apply machine learning algorithms and statistical techniques to extract insights from large datasets. Develop predictive models. Conduct data experiments and A/B testing.,Ethiopia
675790315070879,Data Analyst,Data Scientist,3 to 12 Years,B.Com,"Machine learning algorithms and libraries (e.g., scikit-learn, TensorFlow, PyTorch) Statistical analysis and modeling Data preprocessing and cleaning Big data technologies (e.g., Hadoop, Spark) Data visualization Strong programming skills (Python, R)","Data Scientists use their expertise in data analysis and machine learning to extract valuable insights and predictions from data. They build and train models, conduct statistical analysis, and communicate findings to drive data-driven decision-making in the organization.",Apply machine learning algorithms and statistical techniques to extract insights from large datasets. Develop predictive models. Conduct data experiments and A/B testing.,Uzbekistan
1968282249906023,Data Analyst,Data Scientist,0 to 9 Years,BA,"Machine learning algorithms and libraries (e.g., scikit-learn, TensorFlow, PyTorch) Statistical analysis and modeling Data preprocessing and cleaning Big data technologies (e.g., Hadoop, Spark) Data visualization Strong programming skills (Python, R)","Data Scientists use their expertise in data analysis and machine learning to extract valuable insights and predictions from data. They build and train models, conduct statistical analysis, and communicate findings to drive data-driven decision-making in the organization.",Apply machine learning algorithms and statistical techniques to extract insights from large datasets. Develop predictive models. Conduct data experiments and A/B testing.,Ethiopia
1528185872340537,Data Analyst,Data Scientist,5 to 10 Years,M.Com,"Machine learning algorithms and libraries (e.g., scikit-learn, TensorFlow, PyTorch) Statistical analysis and modeling Data preprocessing and cleaning Big data technologies (e.g., Hadoop, Spark) Data visualization Strong programming skills (Python, R)","Data Scientists use their expertise in data analysis and machine learning to extract valuable insights and predictions from data. They build and train models, conduct statistical analysis, and communicate findings to drive data-driven decision-making in the organization.",Apply machine learning algorithms and statistical techniques to extract insights from large datasets. Develop predictive models. Conduct data experiments and A/B testing.,Dominican Republic
2594981856665338,Data Analyst,Data Scientist,3 to 13 Years,M.Com,"Machine learning algorithms and libraries (e.g., scikit-learn, TensorFlow, PyTorch) Statistical analysis and modeling Data preprocessing and cleaning Big data technologies (e.g., Hadoop, Spark) Data visualization Strong programming skills (Python, R)","Data Scientists use their expertise in data analysis and machine learning to extract valuable insights and predictions from data. They build and train models, conduct statistical analysis, and communicate findings to drive data-driven decision-making in the organization.",Apply machine learning algorithms and statistical techniques to extract insights from large datasets. Develop predictive models. Conduct data experiments and A/B testing.,Kenya
1402861886591879,Data Analyst,Data Scientist,1 to 15 Years,BCA,"Machine learning algorithms and libraries (e.g., scikit-learn, TensorFlow, PyTorch) Statistical analysis and modeling Data preprocessing and cleaning Big data technologies (e.g., Hadoop, Spark) Data visualization Strong programming skills (Python, R)","Data Scientists use their expertise in data analysis and machine learning to extract valuable insights and predictions from data. They build and train models, conduct statistical analysis, and communicate findings to drive data-driven decision-making in the organization.",Apply machine learning algorithms and statistical techniques to extract insights from large datasets. Develop predictive models. Conduct data experiments and A/B testing.,Bangladesh
1351550922620901,Data Analyst,Data Scientist,4 to 13 Years,B.Tech,"Machine learning algorithms and libraries (e.g., scikit-learn, TensorFlow, PyTorch) Statistical analysis and modeling Data preprocessing and cleaning Big data technologies (e.g., Hadoop, Spark) Data visualization Strong programming skills (Python, R)","Data Scientists use their expertise in data analysis and machine learning to extract valuable insights and predictions from data. They build and train models, conduct statistical analysis, and communicate findings to drive data-driven decision-making in the organization.",Apply machine learning algorithms and statistical techniques to extract insights from large datasets. Develop predictive models. Conduct data experiments and A/B testing.,Lebanon
40691707095024,Data Analyst,Data Scientist,2 to 14 Years,M.Tech,"Machine learning algorithms and libraries (e.g., scikit-learn, TensorFlow, PyTorch) Statistical analysis and modeling Data preprocessing and cleaning Big data technologies (e.g., Hadoop, Spark) Data visualization Strong programming skills (Python, R)","Data Scientists use their expertise in data analysis and machine learning to extract valuable insights and predictions from data. They build and train models, conduct statistical analysis, and communicate findings to drive data-driven decision-making in the organization.",Apply machine learning algorithms and statistical techniques to extract insights from large datasets. Develop predictive models. Conduct data experiments and A/B testing.,Bolivia
1742149931262046,Data Analyst,Data Scientist,0 to 13 Years,BA,"Machine learning algorithms and libraries (e.g., scikit-learn, TensorFlow, PyTorch) Statistical analysis and modeling Data preprocessing and cleaning Big data technologies (e.g., Hadoop, Spark) Data visualization Strong programming skills (Python, R)","Data Scientists use their expertise in data analysis and machine learning to extract valuable insights and predictions from data. They build and train models, conduct statistical analysis, and communicate findings to drive data-driven decision-making in the organization.",Apply machine learning algorithms and statistical techniques to extract insights from large datasets. Develop predictive models. Conduct data experiments and A/B testing.,South Sudan
3024667921221975,Data Analyst,Data Scientist,2 to 15 Years,BA,"Machine learning algorithms and libraries (e.g., scikit-learn, TensorFlow, PyTorch) Statistical analysis and modeling Data preprocessing and cleaning Big data technologies (e.g., Hadoop, Spark) Data visualization Strong programming skills (Python, R)","Data Scientists use their expertise in data analysis and machine learning to extract valuable insights and predictions from data. They build and train models, conduct statistical analysis, and communicate findings to drive data-driven decision-making in the organization.",Apply machine learning algorithms and statistical techniques to extract insights from large datasets. Develop predictive models. Conduct data experiments and A/B testing.,Malaysia
2256076228121640,Data Analyst,Data Scientist,3 to 14 Years,BCA,"Machine learning algorithms and libraries (e.g., scikit-learn, TensorFlow, PyTorch) Statistical analysis and modeling Data preprocessing and cleaning Big data technologies (e.g., Hadoop, Spark) Data visualization Strong programming skills (Python, R)","Data Scientists use their expertise in data analysis and machine learning to extract valuable insights and predictions from data. They build and train models, conduct statistical analysis, and communicate findings to drive data-driven decision-making in the organization.",Apply machine learning algorithms and statistical techniques to extract insights from large datasets. Develop predictive models. Conduct data experiments and A/B testing.,Somalia
1953909722561957,Data Analyst,Data Scientist,1 to 13 Years,MBA,"Machine learning algorithms and libraries (e.g., scikit-learn, TensorFlow, PyTorch) Statistical analysis and modeling Data preprocessing and cleaning Big data technologies (e.g., Hadoop, Spark) Data visualization Strong programming skills (Python, R)","Data Scientists use their expertise in data analysis and machine learning to extract valuable insights and predictions from data. They build and train models, conduct statistical analysis, and communicate findings to drive data-driven decision-making in the organization.",Apply machine learning algorithms and statistical techniques to extract insights from large datasets. Develop predictive models. Conduct data experiments and A/B testing.,Netherlands
255443006401051,Data Analyst,Data Scientist,1 to 13 Years,PhD,"Machine learning algorithms and libraries (e.g., scikit-learn, TensorFlow, PyTorch) Statistical analysis and modeling Data preprocessing and cleaning Big data technologies (e.g., Hadoop, Spark) Data visualization Strong programming skills (Python, R)","Data Scientists use their expertise in data analysis and machine learning to extract valuable insights and predictions from data. They build and train models, conduct statistical analysis, and communicate findings to drive data-driven decision-making in the organization.",Apply machine learning algorithms and statistical techniques to extract insights from large datasets. Develop predictive models. Conduct data experiments and A/B testing.,China
2634166417059187,Data Analyst,Data Scientist,3 to 13 Years,BCA,"Machine learning algorithms and libraries (e.g., scikit-learn, TensorFlow, PyTorch) Statistical analysis and modeling Data preprocessing and cleaning Big data technologies (e.g., Hadoop, Spark) Data visualization Strong programming skills (Python, R)","Data Scientists use their expertise in data analysis and machine learning to extract valuable insights and predictions from data. They build and train models, conduct statistical analysis, and communicate findings to drive data-driven decision-making in the organization.",Apply machine learning algorithms and statistical techniques to extract insights from large datasets. Develop predictive models. Conduct data experiments and A/B testing.,West Bank and Gaza
244202904113663,Data Analyst,Data Scientist,5 to 13 Years,MCA,"Machine learning algorithms and libraries (e.g., scikit-learn, TensorFlow, PyTorch) Statistical analysis and modeling Data preprocessing and cleaning Big data technologies (e.g., Hadoop, Spark) Data visualization Strong programming skills (Python, R)","Data Scientists use their expertise in data analysis and machine learning to extract valuable insights and predictions from data. They build and train models, conduct statistical analysis, and communicate findings to drive data-driven decision-making in the organization.",Apply machine learning algorithms and statistical techniques to extract insights from large datasets. Develop predictive models. Conduct data experiments and A/B testing.,Serbia
1185256857519951,Software Engineer,Frontend Developer,3 to 13 Years,B.Tech,"Proficiency in HTML, CSS, and JavaScript Experience with frontend frameworks like React, Angular, or Vue.js Responsive web design Cross-browser compatibility Version control (e.g., Git) Frontend performance optimization","A Frontend Developer is responsible for designing and implementing user interfaces for web applications. They collaborate with designers to create visually appealing and responsive web pages, ensuring a seamless user experience across different devices and browsers.","Design and implement user interfaces for web applications using HTML, CSS, and JavaScript. Collaborate with UX designers to ensure a user-friendly experience. Optimize applications for speed and responsiveness.",Faroe Islands
2067934244342078,Software Engineer,Frontend Developer,3 to 8 Years,BBA,"Proficiency in HTML, CSS, and JavaScript Experience with frontend frameworks like React, Angular, or Vue.js Responsive web design Cross-browser compatibility Version control (e.g., Git) Frontend performance optimization","A Frontend Developer is responsible for designing and implementing user interfaces for web applications. They collaborate with designers to create visually appealing and responsive web pages, ensuring a seamless user experience across different devices and browsers.","Design and implement user interfaces for web applications using HTML, CSS, and JavaScript. Collaborate with UX designers to ensure a user-friendly experience. Optimize applications for speed and responsiveness.",American Samoa
392639969748737,Software Engineer,Frontend Developer,4 to 15 Years,B.Tech,"Proficiency in HTML, CSS, and JavaScript Experience with frontend frameworks like React, Angular, or Vue.js Responsive web design Cross-browser compatibility Version control (e.g., Git) Frontend performance optimization","A Frontend Developer is responsible for designing and implementing user interfaces for web applications. They collaborate with designers to create visually appealing and responsive web pages, ensuring a seamless user experience across different devices and browsers.","Design and implement user interfaces for web applications using HTML, CSS, and JavaScript. Collaborate with UX designers to ensure a user-friendly experience. Optimize applications for speed and responsiveness.",Turkey
624098494976952,Software Engineer,Frontend Developer,3 to 11 Years,PhD,"Proficiency in HTML, CSS, and JavaScript Experience with frontend frameworks like React, Angular, or Vue.js Responsive web design Cross-browser compatibility Version control (e.g., Git) Frontend performance optimization","A Frontend Developer is responsible for designing and implementing user interfaces for web applications. They collaborate with designers to create visually appealing and responsive web pages, ensuring a seamless user experience across different devices and browsers.","Design and implement user interfaces for web applications using HTML, CSS, and JavaScript. Collaborate with UX designers to ensure a user-friendly experience. Optimize applications for speed and responsiveness.",Czech Republic
1635235509360172,Software Engineer,Frontend Developer,4 to 10 Years,BBA,"Proficiency in HTML, CSS, and JavaScript Experience with frontend frameworks like React, Angular, or Vue.js Responsive web design Cross-browser compatibility Version control (e.g., Git) Frontend performance optimization","A Frontend Developer is responsible for designing and implementing user interfaces for web applications. They collaborate with designers to create visually appealing and responsive web pages, ensuring a seamless user experience across different devices and browsers.","Design and implement user interfaces for web applications using HTML, CSS, and JavaScript. Collaborate with UX designers to ensure a user-friendly experience. Optimize applications for speed and responsiveness.",Singapore
1014651654218438,Software Engineer,Frontend Developer,1 to 10 Years,MBA,"Proficiency in HTML, CSS, and JavaScript Experience with frontend frameworks like React, Angular, or Vue.js Responsive web design Cross-browser compatibility Version control (e.g., Git) Frontend performance optimization","A Frontend Developer is responsible for designing and implementing user interfaces for web applications. They collaborate with designers to create visually appealing and responsive web pages, ensuring a seamless user experience across different devices and browsers.","Design and implement user interfaces for web applications using HTML, CSS, and JavaScript. Collaborate with UX designers to ensure a user-friendly experience. Optimize applications for speed and responsiveness.",New Caledonia
1334824752750538,Software Engineer,Frontend Developer,4 to 11 Years,M.Tech,"Proficiency in HTML, CSS, and JavaScript Experience with frontend frameworks like React, Angular, or Vue.js Responsive web design Cross-browser compatibility Version control (e.g., Git) Frontend performance optimization","A Frontend Developer is responsible for designing and implementing user interfaces for web applications. They collaborate with designers to create visually appealing and responsive web pages, ensuring a seamless user experience across different devices and browsers.","Design and implement user interfaces for web applications using HTML, CSS, and JavaScript. Collaborate with UX designers to ensure a user-friendly experience. Optimize applications for speed and responsiveness.",South Sudan
2809587522428901,Software Engineer,Frontend Developer,5 to 14 Years,BA,"Proficiency in HTML, CSS, and JavaScript Experience with frontend frameworks like React, Angular, or Vue.js Responsive web design Cross-browser compatibility Version control (e.g., Git) Frontend performance optimization","A Frontend Developer is responsible for designing and implementing user interfaces for web applications. They collaborate with designers to create visually appealing and responsive web pages, ensuring a seamless user experience across different devices and browsers.","Design and implement user interfaces for web applications using HTML, CSS, and JavaScript. Collaborate with UX designers to ensure a user-friendly experience. Optimize applications for speed and responsiveness.",Zambia
2586496256843093,Software Engineer,Frontend Developer,0 to 15 Years,M.Com,"Proficiency in HTML, CSS, and JavaScript Experience with frontend frameworks like React, Angular, or Vue.js Responsive web design Cross-browser compatibility Version control (e.g., Git) Frontend performance optimization","A Frontend Developer is responsible for designing and implementing user interfaces for web applications. They collaborate with designers to create visually appealing and responsive web pages, ensuring a seamless user experience across different devices and browsers.","Design and implement user interfaces for web applications using HTML, CSS, and JavaScript. Collaborate with UX designers to ensure a user-friendly experience. Optimize applications for speed and responsiveness.",Guinea-Bissau
784561030369356,Software Engineer,Frontend Developer,2 to 8 Years,B.Tech,"Proficiency in HTML, CSS, and JavaScript Experience with frontend frameworks like React, Angular, or Vue.js Responsive web design Cross-browser compatibility Version control (e.g., Git) Frontend performance optimization","A Frontend Developer is responsible for designing and implementing user interfaces for web applications. They collaborate with designers to create visually appealing and responsive web pages, ensuring a seamless user experience across different devices and browsers.","Design and implement user interfaces for web applications using HTML, CSS, and JavaScript. Collaborate with UX designers to ensure a user-friendly experience. Optimize applications for speed and responsiveness.",South Sudan
251165173319149,Software Engineer,Frontend Developer,0 to 10 Years,BBA,"Proficiency in HTML, CSS, and JavaScript Experience with frontend frameworks like React, Angular, or Vue.js Responsive web design Cross-browser compatibility Version control (e.g., Git) Frontend performance optimization","A Frontend Developer is responsible for designing and implementing user interfaces for web applications. They collaborate with designers to create visually appealing and responsive web pages, ensuring a seamless user experience across different devices and browsers.","Design and implement user interfaces for web applications using HTML, CSS, and JavaScript. Collaborate with UX designers to ensure a user-friendly experience. Optimize applications for speed and responsiveness.",Lesotho
1443773417001929,Software Engineer,Frontend Developer,0 to 15 Years,BBA,"Proficiency in HTML, CSS, and JavaScript Experience with frontend frameworks like React, Angular, or Vue.js Responsive web design Cross-browser compatibility Version control (e.g., Git) Frontend performance optimization","A Frontend Developer is responsible for designing and implementing user interfaces for web applications. They collaborate with designers to create visually appealing and responsive web pages, ensuring a seamless user experience across different devices and browsers.","Design and implement user interfaces for web applications using HTML, CSS, and JavaScript. Collaborate with UX designers to ensure a user-friendly experience. Optimize applications for speed and responsiveness.",USA
1554819861934973,Software Engineer,Frontend Developer,0 to 14 Years,B.Tech,"Proficiency in HTML, CSS, and JavaScript Experience with frontend frameworks like React, Angular, or Vue.js Responsive web design Cross-browser compatibility Version control (e.g., Git) Frontend performance optimization","A Frontend Developer is responsible for designing and implementing user interfaces for web applications. They collaborate with designers to create visually appealing and responsive web pages, ensuring a seamless user experience across different devices and browsers.","Design and implement user interfaces for web applications using HTML, CSS, and JavaScript. Collaborate with UX designers to ensure a user-friendly experience. Optimize applications for speed and responsiveness.",Guinea
788206410961884,Software Engineer,Frontend Developer,5 to 8 Years,MBA,"Proficiency in HTML, CSS, and JavaScript Experience with frontend frameworks like React, Angular, or Vue.js Responsive web design Cross-browser compatibility Version control (e.g., Git) Frontend performance optimization","A Frontend Developer is responsible for designing and implementing user interfaces for web applications. They collaborate with designers to create visually appealing and responsive web pages, ensuring a seamless user experience across different devices and browsers.","Design and implement user interfaces for web applications using HTML, CSS, and JavaScript. Collaborate with UX designers to ensure a user-friendly experience. Optimize applications for speed and responsiveness.",Sierra Leone
761901230016735,Software Engineer,Frontend Developer,2 to 9 Years,BCA,"Proficiency in HTML, CSS, and JavaScript Experience with frontend frameworks like React, Angular, or Vue.js Responsive web design Cross-browser compatibility Version control (e.g., Git) Frontend performance optimization","A Frontend Developer is responsible for designing and implementing user interfaces for web applications. They collaborate with designers to create visually appealing and responsive web pages, ensuring a seamless user experience across different devices and browsers.","Design and implement user interfaces for web applications using HTML, CSS, and JavaScript. Collaborate with UX designers to ensure a user-friendly experience. Optimize applications for speed and responsiveness.",Cote d'Ivoire
955933878505099,Software Engineer,Frontend Developer,4 to 11 Years,MBA,"Proficiency in HTML, CSS, and JavaScript Experience with frontend frameworks like React, Angular, or Vue.js Responsive web design Cross-browser compatibility Version control (e.g., Git) Frontend performance optimization","A Frontend Developer is responsible for designing and implementing user interfaces for web applications. They collaborate with designers to create visually appealing and responsive web pages, ensuring a seamless user experience across different devices and browsers.","Design and implement user interfaces for web applications using HTML, CSS, and JavaScript. Collaborate with UX designers to ensure a user-friendly experience. Optimize applications for speed and responsiveness.",Guyana
451669644232206,Software Engineer,Frontend Developer,1 to 14 Years,M.Com,"Proficiency in HTML, CSS, and JavaScript Experience with frontend frameworks like React, Angular, or Vue.js Responsive web design Cross-browser compatibility Version control (e.g., Git) Frontend performance optimization","A Frontend Developer is responsible for designing and implementing user interfaces for web applications. They collaborate with designers to create visually appealing and responsive web pages, ensuring a seamless user experience across different devices and browsers.","Design and implement user interfaces for web applications using HTML, CSS, and JavaScript. Collaborate with UX designers to ensure a user-friendly experience. Optimize applications for speed and responsiveness.",Bahrain
1627061037092467,Software Engineer,Frontend Developer,2 to 15 Years,BBA,"Proficiency in HTML, CSS, and JavaScript Experience with frontend frameworks like React, Angular, or Vue.js Responsive web design Cross-browser compatibility Version control (e.g., Git) Frontend performance optimization","A Frontend Developer is responsible for designing and implementing user interfaces for web applications. They collaborate with designers to create visually appealing and responsive web pages, ensuring a seamless user experience across different devices and browsers.","Design and implement user interfaces for web applications using HTML, CSS, and JavaScript. Collaborate with UX designers to ensure a user-friendly experience. Optimize applications for speed and responsiveness.",Mozambique
214581187463672,Software Engineer,Frontend Developer,4 to 14 Years,BA,"Proficiency in HTML, CSS, and JavaScript Experience with frontend frameworks like React, Angular, or Vue.js Responsive web design Cross-browser compatibility Version control (e.g., Git) Frontend performance optimization","A Frontend Developer is responsible for designing and implementing user interfaces for web applications. They collaborate with designers to create visually appealing and responsive web pages, ensuring a seamless user experience across different devices and browsers.","Design and implement user interfaces for web applications using HTML, CSS, and JavaScript. Collaborate with UX designers to ensure a user-friendly experience. Optimize applications for speed and responsiveness.",Romania
1329039414894631,Software Engineer,Frontend Developer,2 to 12 Years,MBA,"Proficiency in HTML, CSS, and JavaScript Experience with frontend frameworks like React, Angular, or Vue.js Responsive web design Cross-browser compatibility Version control (e.g., Git) Frontend performance optimization","A Frontend Developer is responsible for designing and implementing user interfaces for web applications. They collaborate with designers to create visually appealing and responsive web pages, ensuring a seamless user experience across different devices and browsers.","Design and implement user interfaces for web applications using HTML, CSS, and JavaScript. Collaborate with UX designers to ensure a user-friendly experience. Optimize applications for speed and responsiveness.",Comoros
3080833156346137,Software Engineer,Frontend Developer,5 to 10 Years,PhD,"Proficiency in HTML, CSS, and JavaScript Experience with frontend frameworks like React, Angular, or Vue.js Responsive web design Cross-browser compatibility Version control (e.g., Git) Frontend performance optimization","A Frontend Developer is responsible for designing and implementing user interfaces for web applications. They collaborate with designers to create visually appealing and responsive web pages, ensuring a seamless user experience across different devices and browsers.","Design and implement user interfaces for web applications using HTML, CSS, and JavaScript. Collaborate with UX designers to ensure a user-friendly experience. Optimize applications for speed and responsiveness.",South Africa
1846061384262856,Software Engineer,Frontend Developer,2 to 8 Years,M.Com,"Proficiency in HTML, CSS, and JavaScript Experience with frontend frameworks like React, Angular, or Vue.js Responsive web design Cross-browser compatibility Version control (e.g., Git) Frontend performance optimization","A Frontend Developer is responsible for designing and implementing user interfaces for web applications. They collaborate with designers to create visually appealing and responsive web pages, ensuring a seamless user experience across different devices and browsers.","Design and implement user interfaces for web applications using HTML, CSS, and JavaScript. Collaborate with UX designers to ensure a user-friendly experience. Optimize applications for speed and responsiveness.",Yemen
1550166060187067,Software Engineer,Frontend Developer,0 to 13 Years,B.Tech,"Proficiency in HTML, CSS, and JavaScript Experience with frontend frameworks like React, Angular, or Vue.js Responsive web design Cross-browser compatibility Version control (e.g., Git) Frontend performance optimization","A Frontend Developer is responsible for designing and implementing user interfaces for web applications. They collaborate with designers to create visually appealing and responsive web pages, ensuring a seamless user experience across different devices and browsers.","Design and implement user interfaces for web applications using HTML, CSS, and JavaScript. Collaborate with UX designers to ensure a user-friendly experience. Optimize applications for speed and responsiveness.",Singapore
2092150012642042,Software Engineer,Frontend Developer,0 to 9 Years,B.Tech,"Proficiency in HTML, CSS, and JavaScript Experience with frontend frameworks like React, Angular, or Vue.js Responsive web design Cross-browser compatibility Version control (e.g., Git) Frontend performance optimization","A Frontend Developer is responsible for designing and implementing user interfaces for web applications. They collaborate with designers to create visually appealing and responsive web pages, ensuring a seamless user experience across different devices and browsers.","Design and implement user interfaces for web applications using HTML, CSS, and JavaScript. Collaborate with UX designers to ensure a user-friendly experience. Optimize applications for speed and responsiveness.",Azerbaijan
311291453836748,Software Engineer,Frontend Developer,1 to 13 Years,B.Tech,"Proficiency in HTML, CSS, and JavaScript Experience with frontend frameworks like React, Angular, or Vue.js Responsive web design Cross-browser compatibility Version control (e.g., Git) Frontend performance optimization","A Frontend Developer is responsible for designing and implementing user interfaces for web applications. They collaborate with designers to create visually appealing and responsive web pages, ensuring a seamless user experience across different devices and browsers.","Design and implement user interfaces for web applications using HTML, CSS, and JavaScript. Collaborate with UX designers to ensure a user-friendly experience. Optimize applications for speed and responsiveness.",Norway
1033645667440327,Software Engineer,Frontend Developer,1 to 11 Years,M.Com,"Proficiency in HTML, CSS, and JavaScript Experience with frontend frameworks like React, Angular, or Vue.js Responsive web design Cross-browser compatibility Version control (e.g., Git) Frontend performance optimization","A Frontend Developer is responsible for designing and implementing user interfaces for web applications. They collaborate with designers to create visually appealing and responsive web pages, ensuring a seamless user experience across different devices and browsers.","Design and implement user interfaces for web applications using HTML, CSS, and JavaScript. Collaborate with UX designers to ensure a user-friendly experience. Optimize applications for speed and responsiveness.",Egypt
1835562937765925,Software Engineer,Frontend Developer,5 to 8 Years,B.Com,"Proficiency in HTML, CSS, and JavaScript Experience with frontend frameworks like React, Angular, or Vue.js Responsive web design Cross-browser compatibility Version control (e.g., Git) Frontend performance optimization","A Frontend Developer is responsible for designing and implementing user interfaces for web applications. They collaborate with designers to create visually appealing and responsive web pages, ensuring a seamless user experience across different devices and browsers.","Design and implement user interfaces for web applications using HTML, CSS, and JavaScript. Collaborate with UX designers to ensure a user-friendly experience. Optimize applications for speed and responsiveness.",China
2154145099468602,Software Engineer,Frontend Developer,3 to 9 Years,B.Tech,"Proficiency in HTML, CSS, and JavaScript Experience with frontend frameworks like React, Angular, or Vue.js Responsive web design Cross-browser compatibility Version control (e.g., Git) Frontend performance optimization","A Frontend Developer is responsible for designing and implementing user interfaces for web applications. They collaborate with designers to create visually appealing and responsive web pages, ensuring a seamless user experience across different devices and browsers.","Design and implement user interfaces for web applications using HTML, CSS, and JavaScript. Collaborate with UX designers to ensure a user-friendly experience. Optimize applications for speed and responsiveness.",Paraguay
1749439833817887,Software Engineer,Frontend Developer,3 to 12 Years,BBA,"Proficiency in HTML, CSS, and JavaScript Experience with frontend frameworks like React, Angular, or Vue.js Responsive web design Cross-browser compatibility Version control (e.g., Git) Frontend performance optimization","A Frontend Developer is responsible for designing and implementing user interfaces for web applications. They collaborate with designers to create visually appealing and responsive web pages, ensuring a seamless user experience across different devices and browsers.","Design and implement user interfaces for web applications using HTML, CSS, and JavaScript. Collaborate with UX designers to ensure a user-friendly experience. Optimize applications for speed and responsiveness.",Georgia
2138027046987349,Software Engineer,Frontend Developer,5 to 11 Years,M.Com,"Proficiency in HTML, CSS, and JavaScript Experience with frontend frameworks like React, Angular, or Vue.js Responsive web design Cross-browser compatibility Version control (e.g., Git) Frontend performance optimization","A Frontend Developer is responsible for designing and implementing user interfaces for web applications. They collaborate with designers to create visually appealing and responsive web pages, ensuring a seamless user experience across different devices and browsers.","Design and implement user interfaces for web applications using HTML, CSS, and JavaScript. Collaborate with UX designers to ensure a user-friendly experience. Optimize applications for speed and responsiveness.",Gambia
1734576286334971,Software Engineer,Frontend Developer,4 to 8 Years,M.Tech,"Proficiency in HTML, CSS, and JavaScript Experience with frontend frameworks like React, Angular, or Vue.js Responsive web design Cross-browser compatibility Version control (e.g., Git) Frontend performance optimization","A Frontend Developer is responsible for designing and implementing user interfaces for web applications. They collaborate with designers to create visually appealing and responsive web pages, ensuring a seamless user experience across different devices and browsers.","Design and implement user interfaces for web applications using HTML, CSS, and JavaScript. Collaborate with UX designers to ensure a user-friendly experience. Optimize applications for speed and responsiveness.",Fiji
1055044504228492,Software Engineer,Frontend Developer,1 to 11 Years,BCA,"Proficiency in HTML, CSS, and JavaScript Experience with frontend frameworks like React, Angular, or Vue.js Responsive web design Cross-browser compatibility Version control (e.g., Git) Frontend performance optimization","A Frontend Developer is responsible for designing and implementing user interfaces for web applications. They collaborate with designers to create visually appealing and responsive web pages, ensuring a seamless user experience across different devices and browsers.","Design and implement user interfaces for web applications using HTML, CSS, and JavaScript. Collaborate with UX designers to ensure a user-friendly experience. Optimize applications for speed and responsiveness.",Belize
2528879186735293,Software Engineer,Frontend Developer,1 to 8 Years,BCA,"Proficiency in HTML, CSS, and JavaScript Experience with frontend frameworks like React, Angular, or Vue.js Responsive web design Cross-browser compatibility Version control (e.g., Git) Frontend performance optimization","A Frontend Developer is responsible for designing and implementing user interfaces for web applications. They collaborate with designers to create visually appealing and responsive web pages, ensuring a seamless user experience across different devices and browsers.","Design and implement user interfaces for web applications using HTML, CSS, and JavaScript. Collaborate with UX designers to ensure a user-friendly experience. Optimize applications for speed and responsiveness.",Serbia
406565357852136,Software Engineer,Frontend Developer,4 to 12 Years,M.Com,"Proficiency in HTML, CSS, and JavaScript Experience with frontend frameworks like React, Angular, or Vue.js Responsive web design Cross-browser compatibility Version control (e.g., Git) Frontend performance optimization","A Frontend Developer is responsible for designing and implementing user interfaces for web applications. They collaborate with designers to create visually appealing and responsive web pages, ensuring a seamless user experience across different devices and browsers.","Design and implement user interfaces for web applications using HTML, CSS, and JavaScript. Collaborate with UX designers to ensure a user-friendly experience. Optimize applications for speed and responsiveness.",Vanuatu
557943502909064,Software Engineer,Frontend Developer,1 to 15 Years,MCA,"Proficiency in HTML, CSS, and JavaScript Experience with frontend frameworks like React, Angular, or Vue.js Responsive web design Cross-browser compatibility Version control (e.g., Git) Frontend performance optimization","A Frontend Developer is responsible for designing and implementing user interfaces for web applications. They collaborate with designers to create visually appealing and responsive web pages, ensuring a seamless user experience across different devices and browsers.","Design and implement user interfaces for web applications using HTML, CSS, and JavaScript. Collaborate with UX designers to ensure a user-friendly experience. Optimize applications for speed and responsiveness.",Myanmar
2604618721546170,Software Engineer,Frontend Developer,2 to 10 Years,BBA,"Proficiency in HTML, CSS, and JavaScript Experience with frontend frameworks like React, Angular, or Vue.js Responsive web design Cross-browser compatibility Version control (e.g., Git) Frontend performance optimization","A Frontend Developer is responsible for designing and implementing user interfaces for web applications. They collaborate with designers to create visually appealing and responsive web pages, ensuring a seamless user experience across different devices and browsers.","Design and implement user interfaces for web applications using HTML, CSS, and JavaScript. Collaborate with UX designers to ensure a user-friendly experience. Optimize applications for speed and responsiveness.",Mexico
1000061612352088,Software Engineer,Frontend Developer,2 to 10 Years,MBA,"Proficiency in HTML, CSS, and JavaScript Experience with frontend frameworks like React, Angular, or Vue.js Responsive web design Cross-browser compatibility Version control (e.g., Git) Frontend performance optimization","A Frontend Developer is responsible for designing and implementing user interfaces for web applications. They collaborate with designers to create visually appealing and responsive web pages, ensuring a seamless user experience across different devices and browsers.","Design and implement user interfaces for web applications using HTML, CSS, and JavaScript. Collaborate with UX designers to ensure a user-friendly experience. Optimize applications for speed and responsiveness.",UAE
166951229624306,Software Engineer,Frontend Developer,0 to 15 Years,BCA,"Proficiency in HTML, CSS, and JavaScript Experience with frontend frameworks like React, Angular, or Vue.js Responsive web design Cross-browser compatibility Version control (e.g., Git) Frontend performance optimization","A Frontend Developer is responsible for designing and implementing user interfaces for web applications. They collaborate with designers to create visually appealing and responsive web pages, ensuring a seamless user experience across different devices and browsers.","Design and implement user interfaces for web applications using HTML, CSS, and JavaScript. Collaborate with UX designers to ensure a user-friendly experience. Optimize applications for speed and responsiveness.",Switzerland
2351085986330850,Software Engineer,Frontend Developer,5 to 14 Years,MBA,"Proficiency in HTML, CSS, and JavaScript Experience with frontend frameworks like React, Angular, or Vue.js Responsive web design Cross-browser compatibility Version control (e.g., Git) Frontend performance optimization","A Frontend Developer is responsible for designing and implementing user interfaces for web applications. They collaborate with designers to create visually appealing and responsive web pages, ensuring a seamless user experience across different devices and browsers.","Design and implement user interfaces for web applications using HTML, CSS, and JavaScript. Collaborate with UX designers to ensure a user-friendly experience. Optimize applications for speed and responsiveness.",Bermuda
1023608374856615,Software Engineer,Frontend Developer,3 to 12 Years,M.Com,"Proficiency in HTML, CSS, and JavaScript Experience with frontend frameworks like React, Angular, or Vue.js Responsive web design Cross-browser compatibility Version control (e.g., Git) Frontend performance optimization","A Frontend Developer is responsible for designing and implementing user interfaces for web applications. They collaborate with designers to create visually appealing and responsive web pages, ensuring a seamless user experience across different devices and browsers.","Design and implement user interfaces for web applications using HTML, CSS, and JavaScript. Collaborate with UX designers to ensure a user-friendly experience. Optimize applications for speed and responsiveness.",Faroe Islands
2274126343849799,Software Engineer,Frontend Developer,3 to 15 Years,BCA,"Proficiency in HTML, CSS, and JavaScript Experience with frontend frameworks like React, Angular, or Vue.js Responsive web design Cross-browser compatibility Version control (e.g., Git) Frontend performance optimization","A Frontend Developer is responsible for designing and implementing user interfaces for web applications. They collaborate with designers to create visually appealing and responsive web pages, ensuring a seamless user experience across different devices and browsers.","Design and implement user interfaces for web applications using HTML, CSS, and JavaScript. Collaborate with UX designers to ensure a user-friendly experience. Optimize applications for speed and responsiveness.",Algeria
1195140134316214,Software Engineer,Frontend Developer,4 to 10 Years,BCA,"Proficiency in HTML, CSS, and JavaScript Experience with frontend frameworks like React, Angular, or Vue.js Responsive web design Cross-browser compatibility Version control (e.g., Git) Frontend performance optimization","A Frontend Developer is responsible for designing and implementing user interfaces for web applications. They collaborate with designers to create visually appealing and responsive web pages, ensuring a seamless user experience across different devices and browsers.","Design and implement user interfaces for web applications using HTML, CSS, and JavaScript. Collaborate with UX designers to ensure a user-friendly experience. Optimize applications for speed and responsiveness.",Cuba
244899991903430,Software Engineer,Frontend Developer,4 to 10 Years,B.Com,"Proficiency in HTML, CSS, and JavaScript Experience with frontend frameworks like React, Angular, or Vue.js Responsive web design Cross-browser compatibility Version control (e.g., Git) Frontend performance optimization","A Frontend Developer is responsible for designing and implementing user interfaces for web applications. They collaborate with designers to create visually appealing and responsive web pages, ensuring a seamless user experience across different devices and browsers.","Design and implement user interfaces for web applications using HTML, CSS, and JavaScript. Collaborate with UX designers to ensure a user-friendly experience. Optimize applications for speed and responsiveness.",Cameroon
1625324185061809,Software Engineer,Frontend Developer,2 to 15 Years,B.Com,"Proficiency in HTML, CSS, and JavaScript Experience with frontend frameworks like React, Angular, or Vue.js Responsive web design Cross-browser compatibility Version control (e.g., Git) Frontend performance optimization","A Frontend Developer is responsible for designing and implementing user interfaces for web applications. They collaborate with designers to create visually appealing and responsive web pages, ensuring a seamless user experience across different devices and browsers.","Design and implement user interfaces for web applications using HTML, CSS, and JavaScript. Collaborate with UX designers to ensure a user-friendly experience. Optimize applications for speed and responsiveness.",Guam
1320692448475887,Software Engineer,Frontend Developer,1 to 11 Years,PhD,"Proficiency in HTML, CSS, and JavaScript Experience with frontend frameworks like React, Angular, or Vue.js Responsive web design Cross-browser compatibility Version control (e.g., Git) Frontend performance optimization","A Frontend Developer is responsible for designing and implementing user interfaces for web applications. They collaborate with designers to create visually appealing and responsive web pages, ensuring a seamless user experience across different devices and browsers.","Design and implement user interfaces for web applications using HTML, CSS, and JavaScript. Collaborate with UX designers to ensure a user-friendly experience. Optimize applications for speed and responsiveness.",Kyrgyz Republic
2442170552733271,Software Engineer,Frontend Developer,0 to 12 Years,M.Com,"Proficiency in HTML, CSS, and JavaScript Experience with frontend frameworks like React, Angular, or Vue.js Responsive web design Cross-browser compatibility Version control (e.g., Git) Frontend performance optimization","A Frontend Developer is responsible for designing and implementing user interfaces for web applications. They collaborate with designers to create visually appealing and responsive web pages, ensuring a seamless user experience across different devices and browsers.","Design and implement user interfaces for web applications using HTML, CSS, and JavaScript. Collaborate with UX designers to ensure a user-friendly experience. Optimize applications for speed and responsiveness.",Mongolia
2092894310470434,Software Engineer,Frontend Developer,3 to 14 Years,BA,"Proficiency in HTML, CSS, and JavaScript Experience with frontend frameworks like React, Angular, or Vue.js Responsive web design Cross-browser compatibility Version control (e.g., Git) Frontend performance optimization","A Frontend Developer is responsible for designing and implementing user interfaces for web applications. They collaborate with designers to create visually appealing and responsive web pages, ensuring a seamless user experience across different devices and browsers.","Design and implement user interfaces for web applications using HTML, CSS, and JavaScript. Collaborate with UX designers to ensure a user-friendly experience. Optimize applications for speed and responsiveness.",Dominica
1125618153019149,Software Engineer,Frontend Developer,0 to 11 Years,B.Tech,"Proficiency in HTML, CSS, and JavaScript Experience with frontend frameworks like React, Angular, or Vue.js Responsive web design Cross-browser compatibility Version control (e.g., Git) Frontend performance optimization","A Frontend Developer is responsible for designing and implementing user interfaces for web applications. They collaborate with designers to create visually appealing and responsive web pages, ensuring a seamless user experience across different devices and browsers.","Design and implement user interfaces for web applications using HTML, CSS, and JavaScript. Collaborate with UX designers to ensure a user-friendly experience. Optimize applications for speed and responsiveness.",Belarus
3075690837323686,Software Engineer,Frontend Developer,1 to 12 Years,B.Com,"Proficiency in HTML, CSS, and JavaScript Experience with frontend frameworks like React, Angular, or Vue.js Responsive web design Cross-browser compatibility Version control (e.g., Git) Frontend performance optimization","A Frontend Developer is responsible for designing and implementing user interfaces for web applications. They collaborate with designers to create visually appealing and responsive web pages, ensuring a seamless user experience across different devices and browsers.","Design and implement user interfaces for web applications using HTML, CSS, and JavaScript. Collaborate with UX designers to ensure a user-friendly experience. Optimize applications for speed and responsiveness.",Puerto Rico
407422864464935,Software Engineer,Frontend Developer,2 to 12 Years,PhD,"Proficiency in HTML, CSS, and JavaScript Experience with frontend frameworks like React, Angular, or Vue.js Responsive web design Cross-browser compatibility Version control (e.g., Git) Frontend performance optimization","A Frontend Developer is responsible for designing and implementing user interfaces for web applications. They collaborate with designers to create visually appealing and responsive web pages, ensuring a seamless user experience across different devices and browsers.","Design and implement user interfaces for web applications using HTML, CSS, and JavaScript. Collaborate with UX designers to ensure a user-friendly experience. Optimize applications for speed and responsiveness.",St. Vincent and the Grenadines
60144579532604,Software Engineer,Frontend Developer,0 to 8 Years,B.Com,"Proficiency in HTML, CSS, and JavaScript Experience with frontend frameworks like React, Angular, or Vue.js Responsive web design Cross-browser compatibility Version control (e.g., Git) Frontend performance optimization","A Frontend Developer is responsible for designing and implementing user interfaces for web applications. They collaborate with designers to create visually appealing and responsive web pages, ensuring a seamless user experience across different devices and browsers.","Design and implement user interfaces for web applications using HTML, CSS, and JavaScript. Collaborate with UX designers to ensure a user-friendly experience. Optimize applications for speed and responsiveness.",Ghana
159696858504018,Software Engineer,Frontend Developer,3 to 11 Years,BA,"Proficiency in HTML, CSS, and JavaScript Experience with frontend frameworks like React, Angular, or Vue.js Responsive web design Cross-browser compatibility Version control (e.g., Git) Frontend performance optimization","A Frontend Developer is responsible for designing and implementing user interfaces for web applications. They collaborate with designers to create visually appealing and responsive web pages, ensuring a seamless user experience across different devices and browsers.","Design and implement user interfaces for web applications using HTML, CSS, and JavaScript. Collaborate with UX designers to ensure a user-friendly experience. Optimize applications for speed and responsiveness.",Fiji
839186909100728,Software Engineer,Frontend Developer,4 to 13 Years,B.Tech,"Proficiency in HTML, CSS, and JavaScript Experience with frontend frameworks like React, Angular, or Vue.js Responsive web design Cross-browser compatibility Version control (e.g., Git) Frontend performance optimization","A Frontend Developer is responsible for designing and implementing user interfaces for web applications. They collaborate with designers to create visually appealing and responsive web pages, ensuring a seamless user experience across different devices and browsers.","Design and implement user interfaces for web applications using HTML, CSS, and JavaScript. Collaborate with UX designers to ensure a user-friendly experience. Optimize applications for speed and responsiveness.",Nepal
869035081655359,Software Engineer,Frontend Developer,3 to 10 Years,B.Tech,"Proficiency in HTML, CSS, and JavaScript Experience with frontend frameworks like React, Angular, or Vue.js Responsive web design Cross-browser compatibility Version control (e.g., Git) Frontend performance optimization","A Frontend Developer is responsible for designing and implementing user interfaces for web applications. They collaborate with designers to create visually appealing and responsive web pages, ensuring a seamless user experience across different devices and browsers.","Design and implement user interfaces for web applications using HTML, CSS, and JavaScript. Collaborate with UX designers to ensure a user-friendly experience. Optimize applications for speed and responsiveness.",Belgium
1175863920020837,Software Engineer,Frontend Developer,1 to 8 Years,M.Tech,"Proficiency in HTML, CSS, and JavaScript Experience with frontend frameworks like React, Angular, or Vue.js Responsive web design Cross-browser compatibility Version control (e.g., Git) Frontend performance optimization","A Frontend Developer is responsible for designing and implementing user interfaces for web applications. They collaborate with designers to create visually appealing and responsive web pages, ensuring a seamless user experience across different devices and browsers.","Design and implement user interfaces for web applications using HTML, CSS, and JavaScript. Collaborate with UX designers to ensure a user-friendly experience. Optimize applications for speed and responsiveness.","Hong Kong SAR, China"
2851522903775440,Software Engineer,Frontend Developer,3 to 14 Years,B.Tech,"Proficiency in HTML, CSS, and JavaScript Experience with frontend frameworks like React, Angular, or Vue.js Responsive web design Cross-browser compatibility Version control (e.g., Git) Frontend performance optimization","A Frontend Developer is responsible for designing and implementing user interfaces for web applications. They collaborate with designers to create visually appealing and responsive web pages, ensuring a seamless user experience across different devices and browsers.","Design and implement user interfaces for web applications using HTML, CSS, and JavaScript. Collaborate with UX designers to ensure a user-friendly experience. Optimize applications for speed and responsiveness.",Spain
1661702725870864,Software Engineer,Frontend Developer,4 to 12 Years,B.Com,"Proficiency in HTML, CSS, and JavaScript Experience with frontend frameworks like React, Angular, or Vue.js Responsive web design Cross-browser compatibility Version control (e.g., Git) Frontend performance optimization","A Frontend Developer is responsible for designing and implementing user interfaces for web applications. They collaborate with designers to create visually appealing and responsive web pages, ensuring a seamless user experience across different devices and browsers.","Design and implement user interfaces for web applications using HTML, CSS, and JavaScript. Collaborate with UX designers to ensure a user-friendly experience. Optimize applications for speed and responsiveness.",Tonga
320672939737845,Software Engineer,Frontend Developer,2 to 12 Years,PhD,"Proficiency in HTML, CSS, and JavaScript Experience with frontend frameworks like React, Angular, or Vue.js Responsive web design Cross-browser compatibility Version control (e.g., Git) Frontend performance optimization","A Frontend Developer is responsible for designing and implementing user interfaces for web applications. They collaborate with designers to create visually appealing and responsive web pages, ensuring a seamless user experience across different devices and browsers.","Design and implement user interfaces for web applications using HTML, CSS, and JavaScript. Collaborate with UX designers to ensure a user-friendly experience. Optimize applications for speed and responsiveness.",Barbados
248419062426427,Software Engineer,Frontend Developer,3 to 8 Years,PhD,"Proficiency in HTML, CSS, and JavaScript Experience with frontend frameworks like React, Angular, or Vue.js Responsive web design Cross-browser compatibility Version control (e.g., Git) Frontend performance optimization","A Frontend Developer is responsible for designing and implementing user interfaces for web applications. They collaborate with designers to create visually appealing and responsive web pages, ensuring a seamless user experience across different devices and browsers.","Design and implement user interfaces for web applications using HTML, CSS, and JavaScript. Collaborate with UX designers to ensure a user-friendly experience. Optimize applications for speed and responsiveness.",Sint Maarten (Dutch part)
250682309975637,Software Engineer,Frontend Developer,3 to 8 Years,MCA,"Proficiency in HTML, CSS, and JavaScript Experience with frontend frameworks like React, Angular, or Vue.js Responsive web design Cross-browser compatibility Version control (e.g., Git) Frontend performance optimization","A Frontend Developer is responsible for designing and implementing user interfaces for web applications. They collaborate with designers to create visually appealing and responsive web pages, ensuring a seamless user experience across different devices and browsers.","Design and implement user interfaces for web applications using HTML, CSS, and JavaScript. Collaborate with UX designers to ensure a user-friendly experience. Optimize applications for speed and responsiveness.",Virgin Islands (U.S.)
2448403120291242,Software Engineer,Frontend Developer,5 to 9 Years,B.Com,"Proficiency in HTML, CSS, and JavaScript Experience with frontend frameworks like React, Angular, or Vue.js Responsive web design Cross-browser compatibility Version control (e.g., Git) Frontend performance optimization","A Frontend Developer is responsible for designing and implementing user interfaces for web applications. They collaborate with designers to create visually appealing and responsive web pages, ensuring a seamless user experience across different devices and browsers.","Design and implement user interfaces for web applications using HTML, CSS, and JavaScript. Collaborate with UX designers to ensure a user-friendly experience. Optimize applications for speed and responsiveness.",Germany
1142141116253798,Software Engineer,Frontend Developer,4 to 9 Years,M.Com,"Proficiency in HTML, CSS, and JavaScript Experience with frontend frameworks like React, Angular, or Vue.js Responsive web design Cross-browser compatibility Version control (e.g., Git) Frontend performance optimization","A Frontend Developer is responsible for designing and implementing user interfaces for web applications. They collaborate with designers to create visually appealing and responsive web pages, ensuring a seamless user experience across different devices and browsers.","Design and implement user interfaces for web applications using HTML, CSS, and JavaScript. Collaborate with UX designers to ensure a user-friendly experience. Optimize applications for speed and responsiveness.",Spain
2740532476126914,Software Engineer,Frontend Developer,5 to 12 Years,PhD,"Proficiency in HTML, CSS, and JavaScript Experience with frontend frameworks like React, Angular, or Vue.js Responsive web design Cross-browser compatibility Version control (e.g., Git) Frontend performance optimization","A Frontend Developer is responsible for designing and implementing user interfaces for web applications. They collaborate with designers to create visually appealing and responsive web pages, ensuring a seamless user experience across different devices and browsers.","Design and implement user interfaces for web applications using HTML, CSS, and JavaScript. Collaborate with UX designers to ensure a user-friendly experience. Optimize applications for speed and responsiveness.",Puerto Rico
2074088872251354,Software Engineer,Frontend Developer,0 to 14 Years,PhD,"Proficiency in HTML, CSS, and JavaScript Experience with frontend frameworks like React, Angular, or Vue.js Responsive web design Cross-browser compatibility Version control (e.g., Git) Frontend performance optimization","A Frontend Developer is responsible for designing and implementing user interfaces for web applications. They collaborate with designers to create visually appealing and responsive web pages, ensuring a seamless user experience across different devices and browsers.","Design and implement user interfaces for web applications using HTML, CSS, and JavaScript. Collaborate with UX designers to ensure a user-friendly experience. Optimize applications for speed and responsiveness.",Lebanon
226433501525924,Software Engineer,Frontend Developer,1 to 14 Years,BBA,"Proficiency in HTML, CSS, and JavaScript Experience with frontend frameworks like React, Angular, or Vue.js Responsive web design Cross-browser compatibility Version control (e.g., Git) Frontend performance optimization","A Frontend Developer is responsible for designing and implementing user interfaces for web applications. They collaborate with designers to create visually appealing and responsive web pages, ensuring a seamless user experience across different devices and browsers.","Design and implement user interfaces for web applications using HTML, CSS, and JavaScript. Collaborate with UX designers to ensure a user-friendly experience. Optimize applications for speed and responsiveness.",Slovak Republic
1407839614183361,Software Engineer,Frontend Developer,3 to 12 Years,BA,"Proficiency in HTML, CSS, and JavaScript Experience with frontend frameworks like React, Angular, or Vue.js Responsive web design Cross-browser compatibility Version control (e.g., Git) Frontend performance optimization","A Frontend Developer is responsible for designing and implementing user interfaces for web applications. They collaborate with designers to create visually appealing and responsive web pages, ensuring a seamless user experience across different devices and browsers.","Design and implement user interfaces for web applications using HTML, CSS, and JavaScript. Collaborate with UX designers to ensure a user-friendly experience. Optimize applications for speed and responsiveness.",Tajikistan
3097547537538749,Software Engineer,Frontend Developer,0 to 14 Years,BA,"Proficiency in HTML, CSS, and JavaScript Experience with frontend frameworks like React, Angular, or Vue.js Responsive web design Cross-browser compatibility Version control (e.g., Git) Frontend performance optimization","A Frontend Developer is responsible for designing and implementing user interfaces for web applications. They collaborate with designers to create visually appealing and responsive web pages, ensuring a seamless user experience across different devices and browsers.","Design and implement user interfaces for web applications using HTML, CSS, and JavaScript. Collaborate with UX designers to ensure a user-friendly experience. Optimize applications for speed and responsiveness.",Philippines
2306766868073032,Software Engineer,Frontend Developer,5 to 8 Years,MBA,"Proficiency in HTML, CSS, and JavaScript Experience with frontend frameworks like React, Angular, or Vue.js Responsive web design Cross-browser compatibility Version control (e.g., Git) Frontend performance optimization","A Frontend Developer is responsible for designing and implementing user interfaces for web applications. They collaborate with designers to create visually appealing and responsive web pages, ensuring a seamless user experience across different devices and browsers.","Design and implement user interfaces for web applications using HTML, CSS, and JavaScript. Collaborate with UX designers to ensure a user-friendly experience. Optimize applications for speed and responsiveness.",Nigeria
2697760715796387,Software Engineer,Frontend Developer,0 to 9 Years,BA,"Proficiency in HTML, CSS, and JavaScript Experience with frontend frameworks like React, Angular, or Vue.js Responsive web design Cross-browser compatibility Version control (e.g., Git) Frontend performance optimization","A Frontend Developer is responsible for designing and implementing user interfaces for web applications. They collaborate with designers to create visually appealing and responsive web pages, ensuring a seamless user experience across different devices and browsers.","Design and implement user interfaces for web applications using HTML, CSS, and JavaScript. Collaborate with UX designers to ensure a user-friendly experience. Optimize applications for speed and responsiveness.",Kiribati
2515384810175435,Software Engineer,Frontend Developer,1 to 13 Years,BA,"Proficiency in HTML, CSS, and JavaScript Experience with frontend frameworks like React, Angular, or Vue.js Responsive web design Cross-browser compatibility Version control (e.g., Git) Frontend performance optimization","A Frontend Developer is responsible for designing and implementing user interfaces for web applications. They collaborate with designers to create visually appealing and responsive web pages, ensuring a seamless user experience across different devices and browsers.","Design and implement user interfaces for web applications using HTML, CSS, and JavaScript. Collaborate with UX designers to ensure a user-friendly experience. Optimize applications for speed and responsiveness.",Croatia
1141976016333331,Software Engineer,Frontend Developer,5 to 10 Years,PhD,"Proficiency in HTML, CSS, and JavaScript Experience with frontend frameworks like React, Angular, or Vue.js Responsive web design Cross-browser compatibility Version control (e.g., Git) Frontend performance optimization","A Frontend Developer is responsible for designing and implementing user interfaces for web applications. They collaborate with designers to create visually appealing and responsive web pages, ensuring a seamless user experience across different devices and browsers.","Design and implement user interfaces for web applications using HTML, CSS, and JavaScript. Collaborate with UX designers to ensure a user-friendly experience. Optimize applications for speed and responsiveness.",Indonesia
252853362402106,Software Engineer,Frontend Developer,1 to 11 Years,M.Com,"Proficiency in HTML, CSS, and JavaScript Experience with frontend frameworks like React, Angular, or Vue.js Responsive web design Cross-browser compatibility Version control (e.g., Git) Frontend performance optimization","A Frontend Developer is responsible for designing and implementing user interfaces for web applications. They collaborate with designers to create visually appealing and responsive web pages, ensuring a seamless user experience across different devices and browsers.","Design and implement user interfaces for web applications using HTML, CSS, and JavaScript. Collaborate with UX designers to ensure a user-friendly experience. Optimize applications for speed and responsiveness.",Indonesia
614281570007680,Software Engineer,Frontend Developer,5 to 14 Years,BA,"Proficiency in HTML, CSS, and JavaScript Experience with frontend frameworks like React, Angular, or Vue.js Responsive web design Cross-browser compatibility Version control (e.g., Git) Frontend performance optimization","A Frontend Developer is responsible for designing and implementing user interfaces for web applications. They collaborate with designers to create visually appealing and responsive web pages, ensuring a seamless user experience across different devices and browsers.","Design and implement user interfaces for web applications using HTML, CSS, and JavaScript. Collaborate with UX designers to ensure a user-friendly experience. Optimize applications for speed and responsiveness.",Lesotho
2567479003300349,Software Engineer,Frontend Developer,2 to 13 Years,M.Com,"Proficiency in HTML, CSS, and JavaScript Experience with frontend frameworks like React, Angular, or Vue.js Responsive web design Cross-browser compatibility Version control (e.g., Git) Frontend performance optimization","A Frontend Developer is responsible for designing and implementing user interfaces for web applications. They collaborate with designers to create visually appealing and responsive web pages, ensuring a seamless user experience across different devices and browsers.","Design and implement user interfaces for web applications using HTML, CSS, and JavaScript. Collaborate with UX designers to ensure a user-friendly experience. Optimize applications for speed and responsiveness.","Hong Kong SAR, China"
1433707895904800,Software Engineer,Frontend Developer,4 to 9 Years,M.Com,"Proficiency in HTML, CSS, and JavaScript Experience with frontend frameworks like React, Angular, or Vue.js Responsive web design Cross-browser compatibility Version control (e.g., Git) Frontend performance optimization","A Frontend Developer is responsible for designing and implementing user interfaces for web applications. They collaborate with designers to create visually appealing and responsive web pages, ensuring a seamless user experience across different devices and browsers.","Design and implement user interfaces for web applications using HTML, CSS, and JavaScript. Collaborate with UX designers to ensure a user-friendly experience. Optimize applications for speed and responsiveness.",Belarus
2908426001697069,Software Engineer,Frontend Developer,2 to 11 Years,BA,"Proficiency in HTML, CSS, and JavaScript Experience with frontend frameworks like React, Angular, or Vue.js Responsive web design Cross-browser compatibility Version control (e.g., Git) Frontend performance optimization","A Frontend Developer is responsible for designing and implementing user interfaces for web applications. They collaborate with designers to create visually appealing and responsive web pages, ensuring a seamless user experience across different devices and browsers.","Design and implement user interfaces for web applications using HTML, CSS, and JavaScript. Collaborate with UX designers to ensure a user-friendly experience. Optimize applications for speed and responsiveness.",Spain
2632435442426469,Software Engineer,Frontend Developer,2 to 9 Years,M.Com,"Proficiency in HTML, CSS, and JavaScript Experience with frontend frameworks like React, Angular, or Vue.js Responsive web design Cross-browser compatibility Version control (e.g., Git) Frontend performance optimization","A Frontend Developer is responsible for designing and implementing user interfaces for web applications. They collaborate with designers to create visually appealing and responsive web pages, ensuring a seamless user experience across different devices and browsers.","Design and implement user interfaces for web applications using HTML, CSS, and JavaScript. Collaborate with UX designers to ensure a user-friendly experience. Optimize applications for speed and responsiveness.",Uganda
2268068518372853,Software Engineer,Frontend Developer,1 to 10 Years,B.Com,"Proficiency in HTML, CSS, and JavaScript Experience with frontend frameworks like React, Angular, or Vue.js Responsive web design Cross-browser compatibility Version control (e.g., Git) Frontend performance optimization","A Frontend Developer is responsible for designing and implementing user interfaces for web applications. They collaborate with designers to create visually appealing and responsive web pages, ensuring a seamless user experience across different devices and browsers.","Design and implement user interfaces for web applications using HTML, CSS, and JavaScript. Collaborate with UX designers to ensure a user-friendly experience. Optimize applications for speed and responsiveness.",Andorra
2063635591744132,Software Engineer,Frontend Developer,2 to 11 Years,M.Tech,"Proficiency in HTML, CSS, and JavaScript Experience with frontend frameworks like React, Angular, or Vue.js Responsive web design Cross-browser compatibility Version control (e.g., Git) Frontend performance optimization","A Frontend Developer is responsible for designing and implementing user interfaces for web applications. They collaborate with designers to create visually appealing and responsive web pages, ensuring a seamless user experience across different devices and browsers.","Design and implement user interfaces for web applications using HTML, CSS, and JavaScript. Collaborate with UX designers to ensure a user-friendly experience. Optimize applications for speed and responsiveness.",Kyrgyz Republic
1228535610229013,Software Engineer,Frontend Developer,4 to 10 Years,BBA,"Proficiency in HTML, CSS, and JavaScript Experience with frontend frameworks like React, Angular, or Vue.js Responsive web design Cross-browser compatibility Version control (e.g., Git) Frontend performance optimization","A Frontend Developer is responsible for designing and implementing user interfaces for web applications. They collaborate with designers to create visually appealing and responsive web pages, ensuring a seamless user experience across different devices and browsers.","Design and implement user interfaces for web applications using HTML, CSS, and JavaScript. Collaborate with UX designers to ensure a user-friendly experience. Optimize applications for speed and responsiveness.",Dominica
289713385742891,Software Engineer,Frontend Developer,3 to 8 Years,BCA,"Proficiency in HTML, CSS, and JavaScript Experience with frontend frameworks like React, Angular, or Vue.js Responsive web design Cross-browser compatibility Version control (e.g., Git) Frontend performance optimization","A Frontend Developer is responsible for designing and implementing user interfaces for web applications. They collaborate with designers to create visually appealing and responsive web pages, ensuring a seamless user experience across different devices and browsers.","Design and implement user interfaces for web applications using HTML, CSS, and JavaScript. Collaborate with UX designers to ensure a user-friendly experience. Optimize applications for speed and responsiveness.",Suriname
1185023170119281,Software Engineer,Frontend Developer,5 to 12 Years,B.Tech,"Proficiency in HTML, CSS, and JavaScript Experience with frontend frameworks like React, Angular, or Vue.js Responsive web design Cross-browser compatibility Version control (e.g., Git) Frontend performance optimization","A Frontend Developer is responsible for designing and implementing user interfaces for web applications. They collaborate with designers to create visually appealing and responsive web pages, ensuring a seamless user experience across different devices and browsers.","Design and implement user interfaces for web applications using HTML, CSS, and JavaScript. Collaborate with UX designers to ensure a user-friendly experience. Optimize applications for speed and responsiveness.",Monaco
2274348794297641,Software Engineer,Frontend Developer,1 to 14 Years,PhD,"Proficiency in HTML, CSS, and JavaScript Experience with frontend frameworks like React, Angular, or Vue.js Responsive web design Cross-browser compatibility Version control (e.g., Git) Frontend performance optimization","A Frontend Developer is responsible for designing and implementing user interfaces for web applications. They collaborate with designers to create visually appealing and responsive web pages, ensuring a seamless user experience across different devices and browsers.","Design and implement user interfaces for web applications using HTML, CSS, and JavaScript. Collaborate with UX designers to ensure a user-friendly experience. Optimize applications for speed and responsiveness.",Maldives
487570183099128,Software Engineer,Frontend Developer,3 to 8 Years,B.Tech,"Proficiency in HTML, CSS, and JavaScript Experience with frontend frameworks like React, Angular, or Vue.js Responsive web design Cross-browser compatibility Version control (e.g., Git) Frontend performance optimization","A Frontend Developer is responsible for designing and implementing user interfaces for web applications. They collaborate with designers to create visually appealing and responsive web pages, ensuring a seamless user experience across different devices and browsers.","Design and implement user interfaces for web applications using HTML, CSS, and JavaScript. Collaborate with UX designers to ensure a user-friendly experience. Optimize applications for speed and responsiveness.",Belize
2821404474171232,Software Engineer,Frontend Developer,3 to 8 Years,B.Tech,"Proficiency in HTML, CSS, and JavaScript Experience with frontend frameworks like React, Angular, or Vue.js Responsive web design Cross-browser compatibility Version control (e.g., Git) Frontend performance optimization","A Frontend Developer is responsible for designing and implementing user interfaces for web applications. They collaborate with designers to create visually appealing and responsive web pages, ensuring a seamless user experience across different devices and browsers.","Design and implement user interfaces for web applications using HTML, CSS, and JavaScript. Collaborate with UX designers to ensure a user-friendly experience. Optimize applications for speed and responsiveness.",Russia
1180145610536717,Software Engineer,Frontend Developer,5 to 10 Years,MBA,"Proficiency in HTML, CSS, and JavaScript Experience with frontend frameworks like React, Angular, or Vue.js Responsive web design Cross-browser compatibility Version control (e.g., Git) Frontend performance optimization","A Frontend Developer is responsible for designing and implementing user interfaces for web applications. They collaborate with designers to create visually appealing and responsive web pages, ensuring a seamless user experience across different devices and browsers.","Design and implement user interfaces for web applications using HTML, CSS, and JavaScript. Collaborate with UX designers to ensure a user-friendly experience. Optimize applications for speed and responsiveness.",Burundi
2616202137080151,Software Engineer,Frontend Developer,2 to 13 Years,MCA,"Proficiency in HTML, CSS, and JavaScript Experience with frontend frameworks like React, Angular, or Vue.js Responsive web design Cross-browser compatibility Version control (e.g., Git) Frontend performance optimization","A Frontend Developer is responsible for designing and implementing user interfaces for web applications. They collaborate with designers to create visually appealing and responsive web pages, ensuring a seamless user experience across different devices and browsers.","Design and implement user interfaces for web applications using HTML, CSS, and JavaScript. Collaborate with UX designers to ensure a user-friendly experience. Optimize applications for speed and responsiveness.",Myanmar
2744388997163908,Software Engineer,Frontend Developer,4 to 15 Years,BA,"Proficiency in HTML, CSS, and JavaScript Experience with frontend frameworks like React, Angular, or Vue.js Responsive web design Cross-browser compatibility Version control (e.g., Git) Frontend performance optimization","A Frontend Developer is responsible for designing and implementing user interfaces for web applications. They collaborate with designers to create visually appealing and responsive web pages, ensuring a seamless user experience across different devices and browsers.","Design and implement user interfaces for web applications using HTML, CSS, and JavaScript. Collaborate with UX designers to ensure a user-friendly experience. Optimize applications for speed and responsiveness.",Turkmenistan
1208186947393268,Software Engineer,Frontend Developer,1 to 14 Years,PhD,"Proficiency in HTML, CSS, and JavaScript Experience with frontend frameworks like React, Angular, or Vue.js Responsive web design Cross-browser compatibility Version control (e.g., Git) Frontend performance optimization","A Frontend Developer is responsible for designing and implementing user interfaces for web applications. They collaborate with designers to create visually appealing and responsive web pages, ensuring a seamless user experience across different devices and browsers.","Design and implement user interfaces for web applications using HTML, CSS, and JavaScript. Collaborate with UX designers to ensure a user-friendly experience. Optimize applications for speed and responsiveness.",Djibouti
637823888560244,Software Engineer,Frontend Developer,1 to 8 Years,M.Tech,"Proficiency in HTML, CSS, and JavaScript Experience with frontend frameworks like React, Angular, or Vue.js Responsive web design Cross-browser compatibility Version control (e.g., Git) Frontend performance optimization","A Frontend Developer is responsible for designing and implementing user interfaces for web applications. They collaborate with designers to create visually appealing and responsive web pages, ensuring a seamless user experience across different devices and browsers.","Design and implement user interfaces for web applications using HTML, CSS, and JavaScript. Collaborate with UX designers to ensure a user-friendly experience. Optimize applications for speed and responsiveness.",Angola
2554620214575119,Software Engineer,Frontend Developer,2 to 13 Years,B.Tech,"Proficiency in HTML, CSS, and JavaScript Experience with frontend frameworks like React, Angular, or Vue.js Responsive web design Cross-browser compatibility Version control (e.g., Git) Frontend performance optimization","A Frontend Developer is responsible for designing and implementing user interfaces for web applications. They collaborate with designers to create visually appealing and responsive web pages, ensuring a seamless user experience across different devices and browsers.","Design and implement user interfaces for web applications using HTML, CSS, and JavaScript. Collaborate with UX designers to ensure a user-friendly experience. Optimize applications for speed and responsiveness.",Belize
1059900362368672,Software Engineer,Frontend Developer,5 to 13 Years,PhD,"Proficiency in HTML, CSS, and JavaScript Experience with frontend frameworks like React, Angular, or Vue.js Responsive web design Cross-browser compatibility Version control (e.g., Git) Frontend performance optimization","A Frontend Developer is responsible for designing and implementing user interfaces for web applications. They collaborate with designers to create visually appealing and responsive web pages, ensuring a seamless user experience across different devices and browsers.","Design and implement user interfaces for web applications using HTML, CSS, and JavaScript. Collaborate with UX designers to ensure a user-friendly experience. Optimize applications for speed and responsiveness.",Romania
2845927925417265,Software Engineer,Frontend Developer,0 to 10 Years,MCA,"Proficiency in HTML, CSS, and JavaScript Experience with frontend frameworks like React, Angular, or Vue.js Responsive web design Cross-browser compatibility Version control (e.g., Git) Frontend performance optimization","A Frontend Developer is responsible for designing and implementing user interfaces for web applications. They collaborate with designers to create visually appealing and responsive web pages, ensuring a seamless user experience across different devices and browsers.","Design and implement user interfaces for web applications using HTML, CSS, and JavaScript. Collaborate with UX designers to ensure a user-friendly experience. Optimize applications for speed and responsiveness.",Bangladesh
1278842144240847,Software Engineer,Frontend Developer,1 to 10 Years,BCA,"Proficiency in HTML, CSS, and JavaScript Experience with frontend frameworks like React, Angular, or Vue.js Responsive web design Cross-browser compatibility Version control (e.g., Git) Frontend performance optimization","A Frontend Developer is responsible for designing and implementing user interfaces for web applications. They collaborate with designers to create visually appealing and responsive web pages, ensuring a seamless user experience across different devices and browsers.","Design and implement user interfaces for web applications using HTML, CSS, and JavaScript. Collaborate with UX designers to ensure a user-friendly experience. Optimize applications for speed and responsiveness.",Kyrgyz Republic
2902467062952803,Software Engineer,Frontend Developer,4 to 15 Years,M.Com,"Proficiency in HTML, CSS, and JavaScript Experience with frontend frameworks like React, Angular, or Vue.js Responsive web design Cross-browser compatibility Version control (e.g., Git) Frontend performance optimization","A Frontend Developer is responsible for designing and implementing user interfaces for web applications. They collaborate with designers to create visually appealing and responsive web pages, ensuring a seamless user experience across different devices and browsers.","Design and implement user interfaces for web applications using HTML, CSS, and JavaScript. Collaborate with UX designers to ensure a user-friendly experience. Optimize applications for speed and responsiveness.",Samoa
1533024666470695,Software Engineer,Frontend Developer,3 to 15 Years,BCA,"Proficiency in HTML, CSS, and JavaScript Experience with frontend frameworks like React, Angular, or Vue.js Responsive web design Cross-browser compatibility Version control (e.g., Git) Frontend performance optimization","A Frontend Developer is responsible for designing and implementing user interfaces for web applications. They collaborate with designers to create visually appealing and responsive web pages, ensuring a seamless user experience across different devices and browsers.","Design and implement user interfaces for web applications using HTML, CSS, and JavaScript. Collaborate with UX designers to ensure a user-friendly experience. Optimize applications for speed and responsiveness.",Sao Tome and Principe
306399880424292,Software Engineer,Frontend Developer,3 to 10 Years,M.Com,"Proficiency in HTML, CSS, and JavaScript Experience with frontend frameworks like React, Angular, or Vue.js Responsive web design Cross-browser compatibility Version control (e.g., Git) Frontend performance optimization","A Frontend Developer is responsible for designing and implementing user interfaces for web applications. They collaborate with designers to create visually appealing and responsive web pages, ensuring a seamless user experience across different devices and browsers.","Design and implement user interfaces for web applications using HTML, CSS, and JavaScript. Collaborate with UX designers to ensure a user-friendly experience. Optimize applications for speed and responsiveness.",Australia
1132439292392311,Software Engineer,Frontend Developer,4 to 9 Years,M.Com,"Proficiency in HTML, CSS, and JavaScript Experience with frontend frameworks like React, Angular, or Vue.js Responsive web design Cross-browser compatibility Version control (e.g., Git) Frontend performance optimization","A Frontend Developer is responsible for designing and implementing user interfaces for web applications. They collaborate with designers to create visually appealing and responsive web pages, ensuring a seamless user experience across different devices and browsers.","Design and implement user interfaces for web applications using HTML, CSS, and JavaScript. Collaborate with UX designers to ensure a user-friendly experience. Optimize applications for speed and responsiveness.",Niger
894756865445445,Software Engineer,Frontend Developer,2 to 11 Years,B.Tech,"Proficiency in HTML, CSS, and JavaScript Experience with frontend frameworks like React, Angular, or Vue.js Responsive web design Cross-browser compatibility Version control (e.g., Git) Frontend performance optimization","A Frontend Developer is responsible for designing and implementing user interfaces for web applications. They collaborate with designers to create visually appealing and responsive web pages, ensuring a seamless user experience across different devices and browsers.","Design and implement user interfaces for web applications using HTML, CSS, and JavaScript. Collaborate with UX designers to ensure a user-friendly experience. Optimize applications for speed and responsiveness.",USA
973401362768537,Software Engineer,Frontend Developer,4 to 8 Years,MCA,"Proficiency in HTML, CSS, and JavaScript Experience with frontend frameworks like React, Angular, or Vue.js Responsive web design Cross-browser compatibility Version control (e.g., Git) Frontend performance optimization","A Frontend Developer is responsible for designing and implementing user interfaces for web applications. They collaborate with designers to create visually appealing and responsive web pages, ensuring a seamless user experience across different devices and browsers.","Design and implement user interfaces for web applications using HTML, CSS, and JavaScript. Collaborate with UX designers to ensure a user-friendly experience. Optimize applications for speed and responsiveness.",Lesotho
1639239289200908,Software Engineer,Frontend Developer,4 to 15 Years,BCA,"Proficiency in HTML, CSS, and JavaScript Experience with frontend frameworks like React, Angular, or Vue.js Responsive web design Cross-browser compatibility Version control (e.g., Git) Frontend performance optimization","A Frontend Developer is responsible for designing and implementing user interfaces for web applications. They collaborate with designers to create visually appealing and responsive web pages, ensuring a seamless user experience across different devices and browsers.","Design and implement user interfaces for web applications using HTML, CSS, and JavaScript. Collaborate with UX designers to ensure a user-friendly experience. Optimize applications for speed and responsiveness.",Mongolia
1271694830485569,Software Engineer,Frontend Developer,4 to 15 Years,MCA,"Proficiency in HTML, CSS, and JavaScript Experience with frontend frameworks like React, Angular, or Vue.js Responsive web design Cross-browser compatibility Version control (e.g., Git) Frontend performance optimization","A Frontend Developer is responsible for designing and implementing user interfaces for web applications. They collaborate with designers to create visually appealing and responsive web pages, ensuring a seamless user experience across different devices and browsers.","Design and implement user interfaces for web applications using HTML, CSS, and JavaScript. Collaborate with UX designers to ensure a user-friendly experience. Optimize applications for speed and responsiveness.",Cyprus
2486286803928184,Software Engineer,Frontend Developer,5 to 14 Years,PhD,"Proficiency in HTML, CSS, and JavaScript Experience with frontend frameworks like React, Angular, or Vue.js Responsive web design Cross-browser compatibility Version control (e.g., Git) Frontend performance optimization","A Frontend Developer is responsible for designing and implementing user interfaces for web applications. They collaborate with designers to create visually appealing and responsive web pages, ensuring a seamless user experience across different devices and browsers.","Design and implement user interfaces for web applications using HTML, CSS, and JavaScript. Collaborate with UX designers to ensure a user-friendly experience. Optimize applications for speed and responsiveness.",Greenland
2034821691981438,Software Engineer,Frontend Developer,2 to 10 Years,PhD,"Proficiency in HTML, CSS, and JavaScript Experience with frontend frameworks like React, Angular, or Vue.js Responsive web design Cross-browser compatibility Version control (e.g., Git) Frontend performance optimization","A Frontend Developer is responsible for designing and implementing user interfaces for web applications. They collaborate with designers to create visually appealing and responsive web pages, ensuring a seamless user experience across different devices and browsers.","Design and implement user interfaces for web applications using HTML, CSS, and JavaScript. Collaborate with UX designers to ensure a user-friendly experience. Optimize applications for speed and responsiveness.",British Virgin Islands
1786881547165136,Software Engineer,Frontend Developer,1 to 8 Years,M.Tech,"Proficiency in HTML, CSS, and JavaScript Experience with frontend frameworks like React, Angular, or Vue.js Responsive web design Cross-browser compatibility Version control (e.g., Git) Frontend performance optimization","A Frontend Developer is responsible for designing and implementing user interfaces for web applications. They collaborate with designers to create visually appealing and responsive web pages, ensuring a seamless user experience across different devices and browsers.","Design and implement user interfaces for web applications using HTML, CSS, and JavaScript. Collaborate with UX designers to ensure a user-friendly experience. Optimize applications for speed and responsiveness.",Australia
1574289053987345,Software Engineer,Frontend Developer,3 to 10 Years,MBA,"Proficiency in HTML, CSS, and JavaScript Experience with frontend frameworks like React, Angular, or Vue.js Responsive web design Cross-browser compatibility Version control (e.g., Git) Frontend performance optimization","A Frontend Developer is responsible for designing and implementing user interfaces for web applications. They collaborate with designers to create visually appealing and responsive web pages, ensuring a seamless user experience across different devices and browsers.","Design and implement user interfaces for web applications using HTML, CSS, and JavaScript. Collaborate with UX designers to ensure a user-friendly experience. Optimize applications for speed and responsiveness.",Ireland
483250963184766,Software Engineer,Frontend Developer,1 to 13 Years,M.Tech,"Proficiency in HTML, CSS, and JavaScript Experience with frontend frameworks like React, Angular, or Vue.js Responsive web design Cross-browser compatibility Version control (e.g., Git) Frontend performance optimization","A Frontend Developer is responsible for designing and implementing user interfaces for web applications. They collaborate with designers to create visually appealing and responsive web pages, ensuring a seamless user experience across different devices and browsers.","Design and implement user interfaces for web applications using HTML, CSS, and JavaScript. Collaborate with UX designers to ensure a user-friendly experience. Optimize applications for speed and responsiveness.",Nauru
1393067244620453,Software Engineer,Frontend Developer,0 to 9 Years,BA,"Proficiency in HTML, CSS, and JavaScript Experience with frontend frameworks like React, Angular, or Vue.js Responsive web design Cross-browser compatibility Version control (e.g., Git) Frontend performance optimization","A Frontend Developer is responsible for designing and implementing user interfaces for web applications. They collaborate with designers to create visually appealing and responsive web pages, ensuring a seamless user experience across different devices and browsers.","Design and implement user interfaces for web applications using HTML, CSS, and JavaScript. Collaborate with UX designers to ensure a user-friendly experience. Optimize applications for speed and responsiveness.",Switzerland
2179623233538955,Software Engineer,Frontend Developer,2 to 8 Years,M.Tech,"Proficiency in HTML, CSS, and JavaScript Experience with frontend frameworks like React, Angular, or Vue.js Responsive web design Cross-browser compatibility Version control (e.g., Git) Frontend performance optimization","A Frontend Developer is responsible for designing and implementing user interfaces for web applications. They collaborate with designers to create visually appealing and responsive web pages, ensuring a seamless user experience across different devices and browsers.","Design and implement user interfaces for web applications using HTML, CSS, and JavaScript. Collaborate with UX designers to ensure a user-friendly experience. Optimize applications for speed and responsiveness.",Brunei
1724978387654104,Software Engineer,Frontend Developer,3 to 9 Years,MBA,"Proficiency in HTML, CSS, and JavaScript Experience with frontend frameworks like React, Angular, or Vue.js Responsive web design Cross-browser compatibility Version control (e.g., Git) Frontend performance optimization","A Frontend Developer is responsible for designing and implementing user interfaces for web applications. They collaborate with designers to create visually appealing and responsive web pages, ensuring a seamless user experience across different devices and browsers.","Design and implement user interfaces for web applications using HTML, CSS, and JavaScript. Collaborate with UX designers to ensure a user-friendly experience. Optimize applications for speed and responsiveness.",Zambia
1879544162373511,Software Engineer,Frontend Developer,1 to 15 Years,MBA,"Proficiency in HTML, CSS, and JavaScript Experience with frontend frameworks like React, Angular, or Vue.js Responsive web design Cross-browser compatibility Version control (e.g., Git) Frontend performance optimization","A Frontend Developer is responsible for designing and implementing user interfaces for web applications. They collaborate with designers to create visually appealing and responsive web pages, ensuring a seamless user experience across different devices and browsers.","Design and implement user interfaces for web applications using HTML, CSS, and JavaScript. Collaborate with UX designers to ensure a user-friendly experience. Optimize applications for speed and responsiveness.",Gambia
1037551412702374,Software Engineer,Frontend Developer,3 to 12 Years,MBA,"Proficiency in HTML, CSS, and JavaScript Experience with frontend frameworks like React, Angular, or Vue.js Responsive web design Cross-browser compatibility Version control (e.g., Git) Frontend performance optimization","A Frontend Developer is responsible for designing and implementing user interfaces for web applications. They collaborate with designers to create visually appealing and responsive web pages, ensuring a seamless user experience across different devices and browsers.","Design and implement user interfaces for web applications using HTML, CSS, and JavaScript. Collaborate with UX designers to ensure a user-friendly experience. Optimize applications for speed and responsiveness.","Micronesia, Fed. Sts."
1192238950530566,Software Engineer,Frontend Developer,1 to 10 Years,PhD,"Proficiency in HTML, CSS, and JavaScript Experience with frontend frameworks like React, Angular, or Vue.js Responsive web design Cross-browser compatibility Version control (e.g., Git) Frontend performance optimization","A Frontend Developer is responsible for designing and implementing user interfaces for web applications. They collaborate with designers to create visually appealing and responsive web pages, ensuring a seamless user experience across different devices and browsers.","Design and implement user interfaces for web applications using HTML, CSS, and JavaScript. Collaborate with UX designers to ensure a user-friendly experience. Optimize applications for speed and responsiveness.",Italy
433973011549868,Software Engineer,Frontend Developer,2 to 11 Years,PhD,"Proficiency in HTML, CSS, and JavaScript Experience with frontend frameworks like React, Angular, or Vue.js Responsive web design Cross-browser compatibility Version control (e.g., Git) Frontend performance optimization","A Frontend Developer is responsible for designing and implementing user interfaces for web applications. They collaborate with designers to create visually appealing and responsive web pages, ensuring a seamless user experience across different devices and browsers.","Design and implement user interfaces for web applications using HTML, CSS, and JavaScript. Collaborate with UX designers to ensure a user-friendly experience. Optimize applications for speed and responsiveness.",Algeria
2820442481460983,Software Engineer,Frontend Developer,3 to 9 Years,MBA,"Proficiency in HTML, CSS, and JavaScript Experience with frontend frameworks like React, Angular, or Vue.js Responsive web design Cross-browser compatibility Version control (e.g., Git) Frontend performance optimization","A Frontend Developer is responsible for designing and implementing user interfaces for web applications. They collaborate with designers to create visually appealing and responsive web pages, ensuring a seamless user experience across different devices and browsers.","Design and implement user interfaces for web applications using HTML, CSS, and JavaScript. Collaborate with UX designers to ensure a user-friendly experience. Optimize applications for speed and responsiveness.",Netherlands
2853959049056161,Software Engineer,Frontend Developer,3 to 8 Years,MCA,"Proficiency in HTML, CSS, and JavaScript Experience with frontend frameworks like React, Angular, or Vue.js Responsive web design Cross-browser compatibility Version control (e.g., Git) Frontend performance optimization","A Frontend Developer is responsible for designing and implementing user interfaces for web applications. They collaborate with designers to create visually appealing and responsive web pages, ensuring a seamless user experience across different devices and browsers.","Design and implement user interfaces for web applications using HTML, CSS, and JavaScript. Collaborate with UX designers to ensure a user-friendly experience. Optimize applications for speed and responsiveness.",Uganda
1362143482945850,Software Engineer,Frontend Developer,3 to 8 Years,MBA,"Proficiency in HTML, CSS, and JavaScript Experience with frontend frameworks like React, Angular, or Vue.js Responsive web design Cross-browser compatibility Version control (e.g., Git) Frontend performance optimization","A Frontend Developer is responsible for designing and implementing user interfaces for web applications. They collaborate with designers to create visually appealing and responsive web pages, ensuring a seamless user experience across different devices and browsers.","Design and implement user interfaces for web applications using HTML, CSS, and JavaScript. Collaborate with UX designers to ensure a user-friendly experience. Optimize applications for speed and responsiveness.",Japan
2083528321397880,Software Engineer,Frontend Developer,1 to 14 Years,BA,"Proficiency in HTML, CSS, and JavaScript Experience with frontend frameworks like React, Angular, or Vue.js Responsive web design Cross-browser compatibility Version control (e.g., Git) Frontend performance optimization","A Frontend Developer is responsible for designing and implementing user interfaces for web applications. They collaborate with designers to create visually appealing and responsive web pages, ensuring a seamless user experience across different devices and browsers.","Design and implement user interfaces for web applications using HTML, CSS, and JavaScript. Collaborate with UX designers to ensure a user-friendly experience. Optimize applications for speed and responsiveness.",Moldova
2779024131017331,Software Engineer,Frontend Developer,2 to 9 Years,BA,"Proficiency in HTML, CSS, and JavaScript Experience with frontend frameworks like React, Angular, or Vue.js Responsive web design Cross-browser compatibility Version control (e.g., Git) Frontend performance optimization","A Frontend Developer is responsible for designing and implementing user interfaces for web applications. They collaborate with designers to create visually appealing and responsive web pages, ensuring a seamless user experience across different devices and browsers.","Design and implement user interfaces for web applications using HTML, CSS, and JavaScript. Collaborate with UX designers to ensure a user-friendly experience. Optimize applications for speed and responsiveness.",Montenegro
2355193471374414,Software Engineer,Frontend Developer,1 to 13 Years,BBA,"Proficiency in HTML, CSS, and JavaScript Experience with frontend frameworks like React, Angular, or Vue.js Responsive web design Cross-browser compatibility Version control (e.g., Git) Frontend performance optimization","A Frontend Developer is responsible for designing and implementing user interfaces for web applications. They collaborate with designers to create visually appealing and responsive web pages, ensuring a seamless user experience across different devices and browsers.","Design and implement user interfaces for web applications using HTML, CSS, and JavaScript. Collaborate with UX designers to ensure a user-friendly experience. Optimize applications for speed and responsiveness.",Syrian Arab Republic
2638011317519403,Software Engineer,Frontend Developer,0 to 15 Years,MCA,"Proficiency in HTML, CSS, and JavaScript Experience with frontend frameworks like React, Angular, or Vue.js Responsive web design Cross-browser compatibility Version control (e.g., Git) Frontend performance optimization","A Frontend Developer is responsible for designing and implementing user interfaces for web applications. They collaborate with designers to create visually appealing and responsive web pages, ensuring a seamless user experience across different devices and browsers.","Design and implement user interfaces for web applications using HTML, CSS, and JavaScript. Collaborate with UX designers to ensure a user-friendly experience. Optimize applications for speed and responsiveness.",Syrian Arab Republic
1929609516322677,Software Engineer,Frontend Developer,2 to 11 Years,M.Com,"Proficiency in HTML, CSS, and JavaScript Experience with frontend frameworks like React, Angular, or Vue.js Responsive web design Cross-browser compatibility Version control (e.g., Git) Frontend performance optimization","A Frontend Developer is responsible for designing and implementing user interfaces for web applications. They collaborate with designers to create visually appealing and responsive web pages, ensuring a seamless user experience across different devices and browsers.","Design and implement user interfaces for web applications using HTML, CSS, and JavaScript. Collaborate with UX designers to ensure a user-friendly experience. Optimize applications for speed and responsiveness.",Sierra Leone
161336804618106,Software Engineer,Frontend Developer,0 to 11 Years,BA,"Proficiency in HTML, CSS, and JavaScript Experience with frontend frameworks like React, Angular, or Vue.js Responsive web design Cross-browser compatibility Version control (e.g., Git) Frontend performance optimization","A Frontend Developer is responsible for designing and implementing user interfaces for web applications. They collaborate with designers to create visually appealing and responsive web pages, ensuring a seamless user experience across different devices and browsers.","Design and implement user interfaces for web applications using HTML, CSS, and JavaScript. Collaborate with UX designers to ensure a user-friendly experience. Optimize applications for speed and responsiveness.",Azerbaijan
2716991571209436,Software Engineer,Frontend Developer,3 to 15 Years,PhD,"Proficiency in HTML, CSS, and JavaScript Experience with frontend frameworks like React, Angular, or Vue.js Responsive web design Cross-browser compatibility Version control (e.g., Git) Frontend performance optimization","A Frontend Developer is responsible for designing and implementing user interfaces for web applications. They collaborate with designers to create visually appealing and responsive web pages, ensuring a seamless user experience across different devices and browsers.","Design and implement user interfaces for web applications using HTML, CSS, and JavaScript. Collaborate with UX designers to ensure a user-friendly experience. Optimize applications for speed and responsiveness.",South Africa
908074058779223,Software Engineer,Frontend Developer,4 to 12 Years,MBA,"Proficiency in HTML, CSS, and JavaScript Experience with frontend frameworks like React, Angular, or Vue.js Responsive web design Cross-browser compatibility Version control (e.g., Git) Frontend performance optimization","A Frontend Developer is responsible for designing and implementing user interfaces for web applications. They collaborate with designers to create visually appealing and responsive web pages, ensuring a seamless user experience across different devices and browsers.","Design and implement user interfaces for web applications using HTML, CSS, and JavaScript. Collaborate with UX designers to ensure a user-friendly experience. Optimize applications for speed and responsiveness.",Kyrgyz Republic
1415819400550361,Software Engineer,Frontend Developer,5 to 13 Years,B.Tech,"Proficiency in HTML, CSS, and JavaScript Experience with frontend frameworks like React, Angular, or Vue.js Responsive web design Cross-browser compatibility Version control (e.g., Git) Frontend performance optimization","A Frontend Developer is responsible for designing and implementing user interfaces for web applications. They collaborate with designers to create visually appealing and responsive web pages, ensuring a seamless user experience across different devices and browsers.","Design and implement user interfaces for web applications using HTML, CSS, and JavaScript. Collaborate with UX designers to ensure a user-friendly experience. Optimize applications for speed and responsiveness.",Guatemala
77762315943328,Software Engineer,Frontend Developer,2 to 9 Years,BBA,"Proficiency in HTML, CSS, and JavaScript Experience with frontend frameworks like React, Angular, or Vue.js Responsive web design Cross-browser compatibility Version control (e.g., Git) Frontend performance optimization","A Frontend Developer is responsible for designing and implementing user interfaces for web applications. They collaborate with designers to create visually appealing and responsive web pages, ensuring a seamless user experience across different devices and browsers.","Design and implement user interfaces for web applications using HTML, CSS, and JavaScript. Collaborate with UX designers to ensure a user-friendly experience. Optimize applications for speed and responsiveness.",Switzerland
1197698873135031,Software Engineer,Frontend Developer,1 to 9 Years,BBA,"Proficiency in HTML, CSS, and JavaScript Experience with frontend frameworks like React, Angular, or Vue.js Responsive web design Cross-browser compatibility Version control (e.g., Git) Frontend performance optimization","A Frontend Developer is responsible for designing and implementing user interfaces for web applications. They collaborate with designers to create visually appealing and responsive web pages, ensuring a seamless user experience across different devices and browsers.","Design and implement user interfaces for web applications using HTML, CSS, and JavaScript. Collaborate with UX designers to ensure a user-friendly experience. Optimize applications for speed and responsiveness.",Somalia
2248544782911051,Software Engineer,Frontend Developer,0 to 13 Years,BCA,"Proficiency in HTML, CSS, and JavaScript Experience with frontend frameworks like React, Angular, or Vue.js Responsive web design Cross-browser compatibility Version control (e.g., Git) Frontend performance optimization","A Frontend Developer is responsible for designing and implementing user interfaces for web applications. They collaborate with designers to create visually appealing and responsive web pages, ensuring a seamless user experience across different devices and browsers.","Design and implement user interfaces for web applications using HTML, CSS, and JavaScript. Collaborate with UX designers to ensure a user-friendly experience. Optimize applications for speed and responsiveness.",Fiji
1022095683053153,Software Engineer,Frontend Developer,0 to 8 Years,MBA,"Proficiency in HTML, CSS, and JavaScript Experience with frontend frameworks like React, Angular, or Vue.js Responsive web design Cross-browser compatibility Version control (e.g., Git) Frontend performance optimization","A Frontend Developer is responsible for designing and implementing user interfaces for web applications. They collaborate with designers to create visually appealing and responsive web pages, ensuring a seamless user experience across different devices and browsers.","Design and implement user interfaces for web applications using HTML, CSS, and JavaScript. Collaborate with UX designers to ensure a user-friendly experience. Optimize applications for speed and responsiveness.",Azerbaijan
469838052878768,Software Engineer,Frontend Developer,4 to 11 Years,MCA,"Proficiency in HTML, CSS, and JavaScript Experience with frontend frameworks like React, Angular, or Vue.js Responsive web design Cross-browser compatibility Version control (e.g., Git) Frontend performance optimization","A Frontend Developer is responsible for designing and implementing user interfaces for web applications. They collaborate with designers to create visually appealing and responsive web pages, ensuring a seamless user experience across different devices and browsers.","Design and implement user interfaces for web applications using HTML, CSS, and JavaScript. Collaborate with UX designers to ensure a user-friendly experience. Optimize applications for speed and responsiveness.",Jamaica
2223890847497858,Software Engineer,Frontend Developer,1 to 10 Years,MCA,"Proficiency in HTML, CSS, and JavaScript Experience with frontend frameworks like React, Angular, or Vue.js Responsive web design Cross-browser compatibility Version control (e.g., Git) Frontend performance optimization","A Frontend Developer is responsible for designing and implementing user interfaces for web applications. They collaborate with designers to create visually appealing and responsive web pages, ensuring a seamless user experience across different devices and browsers.","Design and implement user interfaces for web applications using HTML, CSS, and JavaScript. Collaborate with UX designers to ensure a user-friendly experience. Optimize applications for speed and responsiveness.",Vietnam
140976830436538,Software Engineer,Frontend Developer,4 to 10 Years,MBA,"Proficiency in HTML, CSS, and JavaScript Experience with frontend frameworks like React, Angular, or Vue.js Responsive web design Cross-browser compatibility Version control (e.g., Git) Frontend performance optimization","A Frontend Developer is responsible for designing and implementing user interfaces for web applications. They collaborate with designers to create visually appealing and responsive web pages, ensuring a seamless user experience across different devices and browsers.","Design and implement user interfaces for web applications using HTML, CSS, and JavaScript. Collaborate with UX designers to ensure a user-friendly experience. Optimize applications for speed and responsiveness.",Equatorial Guinea
1035193905229894,Software Engineer,Frontend Developer,5 to 11 Years,B.Com,"Proficiency in HTML, CSS, and JavaScript Experience with frontend frameworks like React, Angular, or Vue.js Responsive web design Cross-browser compatibility Version control (e.g., Git) Frontend performance optimization","A Frontend Developer is responsible for designing and implementing user interfaces for web applications. They collaborate with designers to create visually appealing and responsive web pages, ensuring a seamless user experience across different devices and browsers.","Design and implement user interfaces for web applications using HTML, CSS, and JavaScript. Collaborate with UX designers to ensure a user-friendly experience. Optimize applications for speed and responsiveness.",St. Lucia
2484034661947844,Software Engineer,Frontend Developer,3 to 12 Years,M.Com,"Proficiency in HTML, CSS, and JavaScript Experience with frontend frameworks like React, Angular, or Vue.js Responsive web design Cross-browser compatibility Version control (e.g., Git) Frontend performance optimization","A Frontend Developer is responsible for designing and implementing user interfaces for web applications. They collaborate with designers to create visually appealing and responsive web pages, ensuring a seamless user experience across different devices and browsers.","Design and implement user interfaces for web applications using HTML, CSS, and JavaScript. Collaborate with UX designers to ensure a user-friendly experience. Optimize applications for speed and responsiveness.",Solomon Islands
908142418495417,Software Engineer,Frontend Developer,5 to 13 Years,BBA,"Proficiency in HTML, CSS, and JavaScript Experience with frontend frameworks like React, Angular, or Vue.js Responsive web design Cross-browser compatibility Version control (e.g., Git) Frontend performance optimization","A Frontend Developer is responsible for designing and implementing user interfaces for web applications. They collaborate with designers to create visually appealing and responsive web pages, ensuring a seamless user experience across different devices and browsers.","Design and implement user interfaces for web applications using HTML, CSS, and JavaScript. Collaborate with UX designers to ensure a user-friendly experience. Optimize applications for speed and responsiveness.",Netherlands
1942331924257347,Software Engineer,Frontend Developer,4 to 8 Years,BBA,"Proficiency in HTML, CSS, and JavaScript Experience with frontend frameworks like React, Angular, or Vue.js Responsive web design Cross-browser compatibility Version control (e.g., Git) Frontend performance optimization","A Frontend Developer is responsible for designing and implementing user interfaces for web applications. They collaborate with designers to create visually appealing and responsive web pages, ensuring a seamless user experience across different devices and browsers.","Design and implement user interfaces for web applications using HTML, CSS, and JavaScript. Collaborate with UX designers to ensure a user-friendly experience. Optimize applications for speed and responsiveness.",Mongolia
1454237579474918,Software Engineer,Frontend Developer,2 to 10 Years,PhD,"Proficiency in HTML, CSS, and JavaScript Experience with frontend frameworks like React, Angular, or Vue.js Responsive web design Cross-browser compatibility Version control (e.g., Git) Frontend performance optimization","A Frontend Developer is responsible for designing and implementing user interfaces for web applications. They collaborate with designers to create visually appealing and responsive web pages, ensuring a seamless user experience across different devices and browsers.","Design and implement user interfaces for web applications using HTML, CSS, and JavaScript. Collaborate with UX designers to ensure a user-friendly experience. Optimize applications for speed and responsiveness.",Liberia
462754524782561,Software Engineer,Frontend Developer,1 to 9 Years,M.Com,"Proficiency in HTML, CSS, and JavaScript Experience with frontend frameworks like React, Angular, or Vue.js Responsive web design Cross-browser compatibility Version control (e.g., Git) Frontend performance optimization","A Frontend Developer is responsible for designing and implementing user interfaces for web applications. They collaborate with designers to create visually appealing and responsive web pages, ensuring a seamless user experience across different devices and browsers.","Design and implement user interfaces for web applications using HTML, CSS, and JavaScript. Collaborate with UX designers to ensure a user-friendly experience. Optimize applications for speed and responsiveness.",Marshall Islands
1125384268186420,Software Engineer,Frontend Developer,4 to 10 Years,BCA,"Proficiency in HTML, CSS, and JavaScript Experience with frontend frameworks like React, Angular, or Vue.js Responsive web design Cross-browser compatibility Version control (e.g., Git) Frontend performance optimization","A Frontend Developer is responsible for designing and implementing user interfaces for web applications. They collaborate with designers to create visually appealing and responsive web pages, ensuring a seamless user experience across different devices and browsers.","Design and implement user interfaces for web applications using HTML, CSS, and JavaScript. Collaborate with UX designers to ensure a user-friendly experience. Optimize applications for speed and responsiveness.",Guinea
2464257182616521,Software Engineer,Frontend Developer,1 to 10 Years,MBA,"Proficiency in HTML, CSS, and JavaScript Experience with frontend frameworks like React, Angular, or Vue.js Responsive web design Cross-browser compatibility Version control (e.g., Git) Frontend performance optimization","A Frontend Developer is responsible for designing and implementing user interfaces for web applications. They collaborate with designers to create visually appealing and responsive web pages, ensuring a seamless user experience across different devices and browsers.","Design and implement user interfaces for web applications using HTML, CSS, and JavaScript. Collaborate with UX designers to ensure a user-friendly experience. Optimize applications for speed and responsiveness.",Ireland
1394889324336794,Software Engineer,Frontend Developer,3 to 10 Years,B.Com,"Proficiency in HTML, CSS, and JavaScript Experience with frontend frameworks like React, Angular, or Vue.js Responsive web design Cross-browser compatibility Version control (e.g., Git) Frontend performance optimization","A Frontend Developer is responsible for designing and implementing user interfaces for web applications. They collaborate with designers to create visually appealing and responsive web pages, ensuring a seamless user experience across different devices and browsers.","Design and implement user interfaces for web applications using HTML, CSS, and JavaScript. Collaborate with UX designers to ensure a user-friendly experience. Optimize applications for speed and responsiveness.",Syrian Arab Republic
982307007662753,Software Engineer,Frontend Developer,5 to 9 Years,B.Tech,"Proficiency in HTML, CSS, and JavaScript Experience with frontend frameworks like React, Angular, or Vue.js Responsive web design Cross-browser compatibility Version control (e.g., Git) Frontend performance optimization","A Frontend Developer is responsible for designing and implementing user interfaces for web applications. They collaborate with designers to create visually appealing and responsive web pages, ensuring a seamless user experience across different devices and browsers.","Design and implement user interfaces for web applications using HTML, CSS, and JavaScript. Collaborate with UX designers to ensure a user-friendly experience. Optimize applications for speed and responsiveness.",Turkmenistan
126508771155290,Software Engineer,Frontend Developer,5 to 13 Years,MBA,"Proficiency in HTML, CSS, and JavaScript Experience with frontend frameworks like React, Angular, or Vue.js Responsive web design Cross-browser compatibility Version control (e.g., Git) Frontend performance optimization","A Frontend Developer is responsible for designing and implementing user interfaces for web applications. They collaborate with designers to create visually appealing and responsive web pages, ensuring a seamless user experience across different devices and browsers.","Design and implement user interfaces for web applications using HTML, CSS, and JavaScript. Collaborate with UX designers to ensure a user-friendly experience. Optimize applications for speed and responsiveness.",Pakistan
328669147729332,Software Engineer,Frontend Developer,5 to 14 Years,MCA,"Proficiency in HTML, CSS, and JavaScript Experience with frontend frameworks like React, Angular, or Vue.js Responsive web design Cross-browser compatibility Version control (e.g., Git) Frontend performance optimization","A Frontend Developer is responsible for designing and implementing user interfaces for web applications. They collaborate with designers to create visually appealing and responsive web pages, ensuring a seamless user experience across different devices and browsers.","Design and implement user interfaces for web applications using HTML, CSS, and JavaScript. Collaborate with UX designers to ensure a user-friendly experience. Optimize applications for speed and responsiveness.",Solomon Islands
2353608074073913,Software Engineer,Frontend Developer,5 to 14 Years,B.Com,"Proficiency in HTML, CSS, and JavaScript Experience with frontend frameworks like React, Angular, or Vue.js Responsive web design Cross-browser compatibility Version control (e.g., Git) Frontend performance optimization","A Frontend Developer is responsible for designing and implementing user interfaces for web applications. They collaborate with designers to create visually appealing and responsive web pages, ensuring a seamless user experience across different devices and browsers.","Design and implement user interfaces for web applications using HTML, CSS, and JavaScript. Collaborate with UX designers to ensure a user-friendly experience. Optimize applications for speed and responsiveness.",Tanzania
2311653438748623,Software Engineer,Frontend Developer,2 to 11 Years,B.Tech,"Proficiency in HTML, CSS, and JavaScript Experience with frontend frameworks like React, Angular, or Vue.js Responsive web design Cross-browser compatibility Version control (e.g., Git) Frontend performance optimization","A Frontend Developer is responsible for designing and implementing user interfaces for web applications. They collaborate with designers to create visually appealing and responsive web pages, ensuring a seamless user experience across different devices and browsers.","Design and implement user interfaces for web applications using HTML, CSS, and JavaScript. Collaborate with UX designers to ensure a user-friendly experience. Optimize applications for speed and responsiveness.",Qatar
39943668790381,Software Engineer,Frontend Developer,0 to 11 Years,BA,"Proficiency in HTML, CSS, and JavaScript Experience with frontend frameworks like React, Angular, or Vue.js Responsive web design Cross-browser compatibility Version control (e.g., Git) Frontend performance optimization","A Frontend Developer is responsible for designing and implementing user interfaces for web applications. They collaborate with designers to create visually appealing and responsive web pages, ensuring a seamless user experience across different devices and browsers.","Design and implement user interfaces for web applications using HTML, CSS, and JavaScript. Collaborate with UX designers to ensure a user-friendly experience. Optimize applications for speed and responsiveness.",Sierra Leone
2070410062842532,Software Engineer,Frontend Developer,2 to 8 Years,B.Tech,"Proficiency in HTML, CSS, and JavaScript Experience with frontend frameworks like React, Angular, or Vue.js Responsive web design Cross-browser compatibility Version control (e.g., Git) Frontend performance optimization","A Frontend Developer is responsible for designing and implementing user interfaces for web applications. They collaborate with designers to create visually appealing and responsive web pages, ensuring a seamless user experience across different devices and browsers.","Design and implement user interfaces for web applications using HTML, CSS, and JavaScript. Collaborate with UX designers to ensure a user-friendly experience. Optimize applications for speed and responsiveness.",Bhutan
3088522737713518,Software Engineer,Frontend Developer,1 to 9 Years,M.Tech,"Proficiency in HTML, CSS, and JavaScript Experience with frontend frameworks like React, Angular, or Vue.js Responsive web design Cross-browser compatibility Version control (e.g., Git) Frontend performance optimization","A Frontend Developer is responsible for designing and implementing user interfaces for web applications. They collaborate with designers to create visually appealing and responsive web pages, ensuring a seamless user experience across different devices and browsers.","Design and implement user interfaces for web applications using HTML, CSS, and JavaScript. Collaborate with UX designers to ensure a user-friendly experience. Optimize applications for speed and responsiveness.",Guyana
